FILENAME,IDENTITY
DI0000.jpg,BENES
DI0001.jpg,LUCIE
DI0002.jpg,EMMA
DI0003.jpg,ELISE
DI0004.jpg,HONNERT
DI0005.jpg,PAULINE
DI0006.jpg,ROMAIN
DI0007.jpg,CYRIELLE
DI0008.jpg,LILOU
DI0009.jpg,MITHIEUX
DI0010.jpg,THOMAS
DI0011.jpg,ANAIS
DI0012.jpg,JAFFEUX
DI0013.jpg,ROMANE
DI0014.jpg,BRUGERIE
DI0015.jpg,LORENTIN
DI0016.jpg,ELISA
DI0017.jpg,MAUPAS
DI0018.jpg,MEISSA
DI0019.jpg,REBACH
DI0020.jpg,ERWAN
DI0021.jpg,AMBROISE
DI0022.jpg,ELBAKKALI
DI0023.jpg,BENZINA
DI0024.jpg,LAQUERRIERE
DI0025.jpg,YAEL
DI0026.jpg,VITRE
DI0027.jpg,GUILLOT GOGUET
DI0028.jpg,MATHEO
DI0029.jpg,SHA I
DI0030.jpg,VICTORIA
DI0031.jpg,BARBIER
DI0032.jpg,DUPRAT
DI0033.jpg,LABARH
DI0034.jpg,REMI
DI0035.jpg,ARGITXU
DI0036.jpg,SINEM
DI0037.jpg,RODRIGUES
DI0038.jpg,AUBANE
DI0039.jpg,ELISA
DI0040.jpg,ACHOURI
DI0041.jpg,ANTOINE
DI0042.jpg,JULIE
DI0043.jpg,BGUGEAU
DI0044.jpg,TROUVAT
DI0045.jpg,CORALIE
DI0046.jpg,VANDENABEELE
DI0047.jpg,ASHLEY
DI0048.jpg,AMBROSS
DI0049.jpg,GAROT
DI0050.jpg,MILIANI-THIBA
DI0051.jpg,THEO
DI0052.jpg,VINCENT
DI0053.jpg,LOVIS
DI0054.jpg,VERSTRAETE
DI0055.jpg,LUC
DI0056.jpg,GUILLO
DI0057.jpg,COLLIN
DI0058.jpg,FERON
DI0059.jpg,DAUMESNIL
DI0060.jpg,BOUTET
DI0061.jpg,BERNARD
DI0062.jpg,BENLAHSEN
DI0063.jpg,COSSA
DI0064.jpg,BELOEIL
DI0065.jpg,MARTINS
DI0066.jpg,BRACONNIER
DI0067.jpg,BAPTISTE
DI0068.jpg,SATDANI
DI0069.jpg,VINCOTTE
DI0070.jpg,BENSAIS RUEDA
DI0071.jpg,LUC
DI0072.jpg,GARCIA
DI0073.jpg,ALEXANDRE
DI0074.jpg,MALTET
DI0075.jpg,PEREZ
DI0076.jpg,ANDRE
DI0077.jpg,GUST
DI0078.jpg,LIUUT
DI0079.jpg,CADWAL
DI0080.jpg,WATTIEZ
DI0081.jpg,CORDON
DI0082.jpg,RAYAN
DI0083.jpg,CUCHERIL
DI0084.jpg,FONTAINE
DI0085.jpg,SIMEON
DI0086.jpg,GARCIA
DI0087.jpg,LEGRAND
DI0088.jpg,CORENTIN
DI0089.jpg,ENATH
DI0090.jpg,EMMA
DI0091.jpg,MOLDE
DI0092.jpg,TRISTAN
DI0093.jpg,RODRIGUEZ
DI0094.jpg,PIBOURRET
DI0095.jpg,HAJJI
DI0096.jpg,CROENNE
DI0097.jpg,LILOU
DI0098.jpg,YOCOUBI
DI0099.jpg,ROUES
DI0100.jpg,MAXIME
DI0101.jpg,GIBAJA
DI0102.jpg,ROBERT
DI0103.jpg,ELOISE
DI0104.jpg,AMAL
DI0105.jpg,DYLAN
DI0106.jpg,UGO
DI0107.jpg,FLORA
DI0108.jpg,ELOAN
DI0109.jpg,DUAULT
DI0110.jpg,BROSSARD
DI0111.jpg,GWENOLA
DI0112.jpg,TANGUY
DI0113.jpg,CAROLANE
DI0114.jpg,EDGAR
DI0115.jpg,DUHOUX
DI0116.jpg,CLEMENT-GAUTIER
DI0117.jpg,THOMAS
DI0118.jpg,OSCAR
DI0119.jpg,SARAH
DI0120.jpg,GAUTHIER
DI0121.jpg,GUILHEM
DI0122.jpg,YOHAN
DI0123.jpg,KLARA
DI0124.jpg,BENKHEROUF
DI0125.jpg,PERAINE
DI0126.jpg,REDA
DI0127.jpg,COLIN
DI0128.jpg,HENEUVRIER
DI0129.jpg,HELENE
DI0130.jpg,CHARLOTTE
DI0131.jpg,QUEHERE
DI0132.jpg,GANOO
DI0133.jpg,LOUIS
DI0134.jpg,BERGEAULT
DI0135.jpg,GUILLEMETTE
DI0136.jpg,HUGO
DI0137.jpg,GAVETTI
DI0138.jpg,RAMERINI
DI0139.jpg,MAUD
DI0140.jpg,GORIN
DI0141.jpg,THIRION
DI0142.jpg,COULIS
DI0143.jpg,ARADJ
DI0144.jpg,FLORA
DI0145.jpg,AYMERICH
DI0146.jpg,NOEL
DI0147.jpg,ELISIA
DI0148.jpg,SASHA
DI0149.jpg,BONNIE
DI0150.jpg,PINEAU
DI0151.jpg,PLICHON
DI0152.jpg,NOHANED-ALI
DI0153.jpg,GUILLET
DI0154.jpg,ALIX
DI0155.jpg,FLAVIE
DI0156.jpg,GROLLEAU
DI0157.jpg,NUGUE
DI0158.jpg,BONNEFOUX
DI0159.jpg,ANAIS
DI0160.jpg,TUIGI
DI0161.jpg,SOLENE
DI0162.jpg,CHARTRIN
DI0163.jpg,SIMON
DI0164.jpg,PAUL
DI0165.jpg,SCHELL
DI0166.jpg,ADRIEW
DI0167.jpg,POLLET
DI0168.jpg,ALBIN
DI0169.jpg,MIHAI
DI0170.jpg,LILIAN
DI0171.jpg,MARTIN
DI0172.jpg,THCO
DI0173.jpg,LECAUDE
DI0174.jpg,LEO
DI0175.jpg,KAISER
DI0176.jpg,MATHIEU
DI0177.jpg,MVOU DELORME
DI0178.jpg,CONDE-LAVALETTE
DI0179.jpg,ALYSSA
DI0180.jpg,APOLLINE
DI0181.jpg,ADRIEN
DI0182.jpg,PERRIER
DI0183.jpg,MENAGER
DI0184.jpg,CLARA
DI0185.jpg,LUCIE
DI0186.jpg,BRUGEROLLE
DI0187.jpg,PIGUET
DI0188.jpg,JAUBERT
DI0189.jpg,QUEMTIN
DI0190.jpg,AXELLE
DI0191.jpg,TITOUAN
DI0192.jpg,LUCILE
DI0193.jpg,HARCHAND
DI0194.jpg,BRITNEY
DI0195.jpg,HOLLEVILLE
DI0196.jpg,CLARA
DI0197.jpg,FEMIET
DI0198.jpg,ANAIS
DI0199.jpg,CAMILLE
DI0200.jpg,MERAT
DI0201.jpg,KHELOUFI
DI0202.jpg,CHLOE
DI0203.jpg,BASTIEN
DI0204.jpg,NOEMIE
DI0205.jpg,BLONDEAU
DI0206.jpg,LINDSAY
DI0207.jpg,DERET
DI0208.jpg,BEHUET
DI0209.jpg,SY
DI0210.jpg,BREGEARD
DI0211.jpg,KELLIAN
DI0212.jpg,DEBAILLEUL
DI0213.jpg,TRISTAN
DI0214.jpg,LOUIS-LOUP
DI0215.jpg,AURELIEN
DI0216.jpg,KYLIAN
DI0217.jpg,VALENTIN
DI0218.jpg,GAUTIER
DI0219.jpg,MANON
DI0220.jpg,DE GENOUILLAC
DI0221.jpg,HENRI
DI0222.jpg,VOLPI
DI0223.jpg,NGUER
DI0224.jpg,MAOUACHE
DI0225.jpg,MARDY
DI0226.jpg,DURAND
DI0227.jpg,CLEMENCE
DI0228.jpg,ANTHONY
DI0229.jpg,CLEMENT
DI0230.jpg,LOUCIB
DI0231.jpg,BEGUE
DI0232.jpg,SOLAL
DI0233.jpg,DEBBLASI
DI0234.jpg,MARIE
DI0235.jpg,CHEVEREAU
DI0236.jpg,CROUZET-VIVIEN
DI0237.jpg,LOUIS
DI0238.jpg,NAOFEL
DI0239.jpg,CAREO-JOBERT
DI0240.jpg,LOUIS
DI0241.jpg,BRION
DI0242.jpg,BACHELARD
DI0243.jpg,AUGUSTIN
DI0244.jpg,BOUSTIE
DI0245.jpg,LYDIA
DI0246.jpg,FISCHER
DI0247.jpg,CHAMBRON
DI0248.jpg,YASSIN
DI0249.jpg,REMY
DI0250.jpg,ALEXIS
DI0251.jpg,CLERQUIN
DI0252.jpg,BEENAZIEZ
DI0253.jpg,KOCH
DI0254.jpg,RAMSEYER
DI0255.jpg,PERROS
DI0256.jpg,CHAMPION
DI0257.jpg,HUGO
DI0258.jpg,SERVE
DI0259.jpg,LUCAS
DI0260.jpg,DROINEAU
DI0261.jpg,ROY
DI0262.jpg,DELRUE
DI0263.jpg,PAULINE
DI0264.jpg,GOUDARD
DI0265.jpg,ERIKA
DI0266.jpg,ELSA
DI0267.jpg,KOURISNA
DI0268.jpg,LISE
DI0269.jpg,COMBE
DI0270.jpg,LIEGLER
DI0271.jpg,NOURDIN
DI0272.jpg,MEUNIER
DI0273.jpg,DELMAIRE
DI0274.jpg,FRANZ-LEONARD
DI0275.jpg,TEIXEIRA
DI0276.jpg,DALLI
DI0277.jpg,FLORA
DI0278.jpg,BRIOT
DI0279.jpg,THIBAULT
DI0280.jpg,FAUGUE
DI0281.jpg,LE PAGE
DI0282.jpg,BAROUKH
DI0283.jpg,SHARON
DI0284.jpg,LECLERE
DI0285.jpg,DUFEY
DI0286.jpg,NICOLEY
DI0287.jpg,BORSON
DI0288.jpg,MAYLINE
DI0289.jpg,LODATO
DI0290.jpg,EVENAS
DI0291.jpg,NOVAILLES
DI0292.jpg,BASTIEN
DI0293.jpg,DEJESUSTEIXEIRA
DI0294.jpg,TATIANA
DI0295.jpg,CORENTIN
DI0296.jpg,HELAL
DI0297.jpg,BEMOULBLED
DI0298.jpg,LARRIEU
DI0299.jpg,JADE
DI0300.jpg,ANTOINE
DI0301.jpg,SOPIANE
DI0302.jpg,DUCULTY
DI0303.jpg,EMMA
DI0304.jpg,ALEXANDRE
DI0305.jpg,ALBAN
DI0306.jpg,ROMAIN
DI0307.jpg,ARTUR
DI0308.jpg,TAILLEFER
DI0309.jpg,ALEXANDRE
DI0310.jpg,SEREMY
DI0311.jpg,MEHDI
DI0312.jpg,RAPHAEL
DI0313.jpg,CHLOE
DI0314.jpg,TOUIL
DI0315.jpg,HERBRETEAU
DI0316.jpg,PAPOT
DI0317.jpg,FIGIEL
DI0318.jpg,CORBELLINI
DI0319.jpg,ALANI BINANI
DI0320.jpg,PESCE
DI0321.jpg,YANN
DI0322.jpg,APER
DI0323.jpg,VICTOR
DI0324.jpg,AUGUSTE
DI0325.jpg,CHAPELLIER
DI0326.jpg,GUERAISCHE
DI0327.jpg,LECONFF
DI0328.jpg,SARAGOSLI
DI0329.jpg,NESET
DI0330.jpg,HOUL
DI0331.jpg,ETIEVE
DI0332.jpg,NATHAN
DI0333.jpg,VASSAL
DI0334.jpg,KYLIAN
DI0335.jpg,HUGO
DI0336.jpg,BROCNIER
DI0337.jpg,GUILLAUME
DI0338.jpg,MALAURY
DI0339.jpg,VISIEDO
DI0340.jpg,MELISSA
DI0341.jpg,MORISSEAU
DI0342.jpg,DIARRA
DI0343.jpg,MARIANI
DI0344.jpg,GUIMIER
DI0345.jpg,SCHWARCZER
DI0346.jpg,UNREADABLE
DI0347.jpg,ARNAVO
DI0348.jpg,EVA
DI0349.jpg,MARILIE
DI0350.jpg,SAADI
DI0351.jpg,VISDELOUP
DI0352.jpg,KOURRAD
DI0353.jpg,CHARLOTTE
DI0354.jpg,BAPTISTE
DI0355.jpg,MAYATE
DI0356.jpg,SCHOWOERER
DI0357.jpg,LAVAL ROMAN
DI0358.jpg,CLEMENTINE
DI0359.jpg,LIZEA
DI0360.jpg,BOURGEAY
DI0361.jpg,HADJ-OTHMANE
DI0362.jpg,EVAN
DI0363.jpg,MANEL
DI0364.jpg,DESCLOUS
DI0365.jpg,COLOMBEL
DI0366.jpg,LAURENZA
DI0367.jpg,SOFIANE
DI0368.jpg,PENELOPE
DI0369.jpg,NOLAN
DI0370.jpg,DEFEVER
DI0371.jpg,MELIKE
DI0372.jpg,LAUISSIER
DI0373.jpg,DU BOIS
DI0374.jpg,ELINA
DI0375.jpg,DA COSTA
DI0376.jpg,MATTHIEU
DI0377.jpg,LASSAGNE
DI0378.jpg,GALVAIRE
DI0379.jpg,CABROL
DI0380.jpg,SIGNORI
DI0381.jpg,APPASSAMY
DI0382.jpg,TRISTAN
DI0383.jpg,CHARTON
DI0384.jpg,GASSAYE
DI0385.jpg,ROUSSE
DI0386.jpg,CAMILLE
DI0387.jpg,LOVAIL
DI0388.jpg,DELACOUR
DI0389.jpg,FORTRIE
DI0390.jpg,ADRIEN
DI0391.jpg,CHELAMAT
DI0392.jpg,CAILLE
DI0393.jpg,STEPHAN
DI0394.jpg,ELIQ
DI0395.jpg,NATHAN
DI0396.jpg,DHINNIN
DI0397.jpg,VIGNAUD
DI0398.jpg,LECOULAN
DI0399.jpg,FORSTER
DI0400.jpg,WILLIAM
DI0401.jpg,JONATHAN
DI0402.jpg,MARIELLA
DI0403.jpg,ABDERRAHMANE
DI0404.jpg,RUSSMANN
DI0405.jpg,SOLAL
DI0406.jpg,CAEN
DI0407.jpg,RABAI
DI0408.jpg,OHANESSIAN
DI0409.jpg,LEA
DI0410.jpg,MATHILDE
DI0411.jpg,EMPTY
DI0412.jpg,KERYAN
DI0413.jpg,BIZHEVA
DI0414.jpg,GUERRIER
DI0415.jpg,THERON
DI0416.jpg,MARJOAIE
DI0417.jpg,MOKKTARI
DI0418.jpg,CHATAIN
DI0419.jpg,LECLOIREL
DI0420.jpg,DE BOISSE
DI0421.jpg,JOANNY
DI0422.jpg,NATHAN
DI0423.jpg,THIBAUD
DI0424.jpg,DUMOULIN
DI0425.jpg,YERI-CHRIZELDA
DI0426.jpg,MARVIN
DI0427.jpg,MAUD
DI0428.jpg,CYANEE
DI0429.jpg,CHARRIN
DI0430.jpg,VELASCO
DI0431.jpg,MATHIEU
DI0432.jpg,EMPTY
DI0433.jpg,CAMILLE
DI0434.jpg,ALEX
DI0435.jpg,JOAN
DI0436.jpg,BACHS
DI0437.jpg,SELMEN
DI0438.jpg,ALICE
DI0439.jpg,SOUNTHAUONG
DI0440.jpg,MATHILDE
DI0441.jpg,GALLAI
DI0442.jpg,DINDTL
DI0443.jpg,JUSTINE
DI0444.jpg,PAUL
DI0445.jpg,MATHEO
DI0446.jpg,SCARPARI
DI0447.jpg,VICENTE
DI0448.jpg,BAILLET
DI0449.jpg,ETHAN
DI0450.jpg,NICHEL
DI0451.jpg,HELORA
DI0452.jpg,MARTIN
DI0453.jpg,KARL
DI0454.jpg,PARENT
DI0455.jpg,JEUDON
DI0456.jpg,ANAIS
DI0457.jpg,ALHINO
DI0458.jpg,THIBAUT
DI0459.jpg,CLEMENT
DI0460.jpg,MARCOS DE LIMA
DI0461.jpg,HUMBERT
DI0462.jpg,AKBABA
DI0463.jpg,JAEN
DI0464.jpg,DELETRE
DI0465.jpg,SALOME
DI0466.jpg,MATEO
DI0467.jpg,DE LAPORTALIERE
DI0468.jpg,LEGALLIC
DI0469.jpg,DUROUX--RATIGNER
DI0470.jpg,HANNNAH
DI0471.jpg,MEZOUAD
DI0472.jpg,YANNIS
DI0473.jpg,FLORENT
DI0474.jpg,SEIGNEUR
DI0475.jpg,MAELLE
DI0476.jpg,YANIS
DI0477.jpg,ISAURE
DI0478.jpg,SOLINGEAS
DI0479.jpg,ALEXANDRE
DI0480.jpg,KENTIN
DI0481.jpg,WANG
DI0482.jpg,PETITJEAN
DI0483.jpg,MARCEAU
DI0484.jpg,VIOLETTE
DI0485.jpg,ROBIN
DI0486.jpg,NOAH
DI0487.jpg,MAGNE
DI0488.jpg,SAUNIER
DI0489.jpg,MAHAUT
DI0490.jpg,JEANNEY
DI0491.jpg,KEYSER
DI0492.jpg,SCANDER
DI0493.jpg,LOZES
DI0494.jpg,CLARA
DI0495.jpg,QUENNEHEN
DI0496.jpg,MORENVILLE
DI0497.jpg,MARWAN
DI0498.jpg,PONS
DI0499.jpg,JULIANNE
DI0500.jpg,CINDY
DI0501.jpg,NOE
DI0502.jpg,ELINOR
DI0503.jpg,PLAN
DI0504.jpg,AGATHE
DI0505.jpg,TOM
DI0506.jpg,LOIC
DI0507.jpg,LUKAS
DI0508.jpg,PRIGENT
DI0509.jpg,AKRAM
DI0510.jpg,ELOI
DI0511.jpg,SANTIANA
DI0512.jpg,GILLI - BELLANGER
DI0513.jpg,THEO
DI0514.jpg,GIRAUD
DI0515.jpg,PAUL
DI0516.jpg,MAIGROT
DI0517.jpg,REESE
DI0518.jpg,TETARD
DI0519.jpg,RITSCH
DI0520.jpg,MOHADDEB
DI0521.jpg,DEPAEPE
DI0522.jpg,DJADI
DI0523.jpg,ROSIAN
DI0524.jpg,ENGELMANN
DI0525.jpg,MATTEO
DI0526.jpg,CARLA
DI0527.jpg,LENA
DI0528.jpg,SAN
DI0529.jpg,BARBUT
DI0530.jpg,PERKINS
DI0531.jpg,GABRIEL
DI0532.jpg,EWAN
DI0533.jpg,FERRAND
DI0534.jpg,CHILE
DI0535.jpg,GUILAINE
DI0536.jpg,LEFENUURE
DI0537.jpg,LOPES
DI0538.jpg,HERVE
DI0539.jpg,GASQUET
DI0540.jpg,NAUSICAA
DI0541.jpg,LOUISE
DI0542.jpg,JULES
DI0543.jpg,MARGOT
DI0544.jpg,VAISSIEAE
DI0545.jpg,EMMA
DI0546.jpg,YANN
DI0547.jpg,LALIE
DI0548.jpg,MELIA
DI0549.jpg,ADRIEN
DI0550.jpg,SATINE
DI0551.jpg,DUPONT
DI0552.jpg,LOUISE
DI0553.jpg,BENEZRA
DI0554.jpg,VARD
DI0555.jpg,CELIA
DI0556.jpg,ANDANSON
DI0557.jpg,BASTIEN
DI0558.jpg,REMI
DI0559.jpg,CROCHET
DI0560.jpg,GONCALVES
DI0561.jpg,LISA
DI0562.jpg,DEVESTANG
DI0563.jpg,MAXANCE
DI0564.jpg,DEMPURE
DI0565.jpg,QUENTIN
DI0566.jpg,AUZELY
DI0567.jpg,MATHILDE
DI0568.jpg,ROBIN
DI0569.jpg,JULES
DI0570.jpg,MOHAMEDALI
DI0571.jpg,JUSTIN
DI0572.jpg,LARDEUR
DI0573.jpg,DENIS
DI0574.jpg,ARLES
DI0575.jpg,MALO
DI0576.jpg,ENZO
DI0577.jpg,AMANDINE
DI0578.jpg,SANAA
DI0579.jpg,NICOLAS
DI0580.jpg,BRIAND
DI0581.jpg,MORGANE
DI0582.jpg,PERES
DI0583.jpg,GOFFIN
DI0584.jpg,CHANTEUR
DI0585.jpg,LOUISE
DI0586.jpg,ROBIDEL
DI0587.jpg,JULIETTE
DI0588.jpg,CLARISSE
DI0589.jpg,HELIE
DI0590.jpg,AISLEEN
DI0591.jpg,VIRGILE
DI0592.jpg,GABRIEL
DI0593.jpg,JEANTET
DI0594.jpg,ZIZARD
DI0595.jpg,BENJAMIN
DI0596.jpg,KUBEREK
DI0597.jpg,PAUL
DI0598.jpg,OLIVA
DI0599.jpg,MIHALCEA
DI0600.jpg,MERMILLON
DI0601.jpg,SEFIR
DI0602.jpg,CREUSOT
DI0603.jpg,LYAM
DI0604.jpg,EMMA
DI0605.jpg,THOMAS
DI0606.jpg,BESAIN
DI0607.jpg,SUUA
DI0608.jpg,MARQUIS
DI0609.jpg,DESSED
DI0610.jpg,GORA
DI0611.jpg,RENAULT
DI0612.jpg,FREHOND
DI0613.jpg,BRULE
DI0614.jpg,BROSSE
DI0615.jpg,GENECHESI
DI0616.jpg,CORREGE
DI0617.jpg,PLIUTE
DI0618.jpg,BERTILLE
DI0619.jpg,ANTOINE
DI0620.jpg,BREVIERE
DI0621.jpg,DARBLADE
DI0622.jpg,POGODALLA
DI0623.jpg,RUBEN
DI0624.jpg,LOLA
DI0625.jpg,SOLENE
DI0626.jpg,COMTE
DI0627.jpg,LUTZ
DI0628.jpg,OUADFEL
DI0629.jpg,LUCOS
DI0630.jpg,FERNANDES
DI0631.jpg,LISA
DI0632.jpg,TIFFEN
DI0633.jpg,DESSALLES
DI0634.jpg,LAFUENTE
DI0635.jpg,EMMA
DI0636.jpg,MAUD
DI0637.jpg,BAPTISTE
DI0638.jpg,LE ROUX
DI0639.jpg,LOUISON
DI0640.jpg,BRULE
DI0641.jpg,MAEL
DI0642.jpg,JRABIKI
DI0643.jpg,ANASTASIA
DI0644.jpg,VIOLLEAU
DI0645.jpg,AMELIE
DI0646.jpg,LEBEL
DI0647.jpg,ESTRUCH
DI0648.jpg,CHLOE
DI0649.jpg,DELFOSSE
DI0650.jpg,CROS
DI0651.jpg,SIMSEK
DI0652.jpg,ZOMERAND
DI0653.jpg,THIEBAUT
DI0654.jpg,CHLOE
DI0655.jpg,AUDIN
DI0656.jpg,DOURRELIGNE
DI0657.jpg,ALEXIS
DI0658.jpg,MAYLINE
DI0659.jpg,KY
DI0660.jpg,PAGNEUX
DI0661.jpg,CLERENTIN
DI0662.jpg,CHLOE
DI0663.jpg,BUTERY
DI0664.jpg,TSCHUPP
DI0665.jpg,HERMET
DI0666.jpg,MORINO
DI0667.jpg,ANTOINE
DI0668.jpg,CHATAIGNER
DI0669.jpg,FROIDEVAL
DI0670.jpg,TIBERGHIEN
DI0671.jpg,MILLION
DI0672.jpg,BIRICIK
DI0673.jpg,BAPTISTE
DI0674.jpg,THOMAS
DI0675.jpg,EYTAN
DI0676.jpg,MENARD
DI0677.jpg,LOUISE
DI0678.jpg,YVANNA
DI0679.jpg,PHAM
DI0680.jpg,EMPTY
DI0681.jpg,PAUL
DI0682.jpg,SAMIR
DI0683.jpg,IIARA
DI0684.jpg,VALENTIN
DI0685.jpg,GABRIEL
DI0686.jpg,RAPHAEL
DI0687.jpg,BATILLET
DI0688.jpg,ION
DI0689.jpg,CATEIGNE
DI0690.jpg,BASTIEN
DI0691.jpg,DESLIAS
DI0692.jpg,AURORE
DI0693.jpg,ZERBIB
DI0694.jpg,MERZOUG
DI0695.jpg,MARI AURELE
DI0696.jpg,GLOIRE
DI0697.jpg,MANON
DI0698.jpg,LUCIE
DI0699.jpg,HARTIN
DI0700.jpg,SOLEN
DI0701.jpg,ROBILLARD
DI0702.jpg,THEO
DI0703.jpg,ALBAN
DI0704.jpg,VALENTIN
DI0705.jpg,PASCUAUD
DI0706.jpg,BAPTISTE
DI0707.jpg,AARON
DI0708.jpg,ALLACHE
DI0709.jpg,SIMON
DI0710.jpg,CLOVET
DI0711.jpg,FRANCOIS
DI0712.jpg,BONNET
DI0713.jpg,AUDRY
DI0714.jpg,MATHEO
DI0715.jpg,MAXENCE
DI0716.jpg,STEFAN
DI0717.jpg,KILIAN
DI0718.jpg,GRANDMOUGIN
DI0719.jpg,CORENTIN
DI0720.jpg,MATHEO
DI0721.jpg,SALABERRY
DI0722.jpg,TANGUQ
DI0723.jpg,ORANGE
DI0724.jpg,MOKHTARI
DI0725.jpg,SABOUREAU
DI0726.jpg,LORETTE
DI0727.jpg,LOPES
DI0728.jpg,REBAINE
DI0729.jpg,MATHIS
DI0730.jpg,ELISSALDE
DI0731.jpg,ADAM
DI0732.jpg,COMMERE
DI0733.jpg,JEANNE
DI0734.jpg,TATIANA
DI0735.jpg,RUBEN
DI0736.jpg,PAUL
DI0737.jpg,MATHIS
DI0738.jpg,PIRA
DI0739.jpg,DORIAN
DI0740.jpg,ALEXANDRE
DI0741.jpg,NICOLAS
DI0742.jpg,MAELLE
DI0743.jpg,MONTOUX
DI0744.jpg,LEA
DI0745.jpg,EMMA
DI0746.jpg,LIAN
DI0747.jpg,HURTAUT
DI0748.jpg,BOURRIEAU
DI0749.jpg,AMELIE
DI0750.jpg,CLARA
DI0751.jpg,ZURAWIEZ
DI0752.jpg,BRINGER
DI0753.jpg,LEFEBVRE
DI0754.jpg,LEGER
DI0755.jpg,MATRAS
DI0756.jpg,KRISTIAN
DI0757.jpg,LEON
DI0758.jpg,MARIE
DI0759.jpg,RINBOT
DI0760.jpg,LORENZO
DI0761.jpg,HEMMERY
DI0762.jpg,ALIX
DI0763.jpg,JOURDAIN
DI0764.jpg,RACITI
DI0765.jpg,NICOLAS
DI0766.jpg,THAIS
DI0767.jpg,CANDICE
DI0768.jpg,LEVETEAU
DI0769.jpg,EMMA
DI0770.jpg,BAPTISTE
DI0771.jpg,MARGAUX
DI0772.jpg,DORIANA
DI0773.jpg,POUPINEAU
DI0774.jpg,LUCIE
DI0775.jpg,ANDRE
DI0776.jpg,RYAN
DI0777.jpg,JULIETTE
DI0778.jpg,LIGGEOIS
DI0779.jpg,JULIETTE
DI0780.jpg,ORIAME
DI0781.jpg,GAUBERT
DI0782.jpg,SOPHIE
DI0783.jpg,CHLOE
DI0784.jpg,CORENTIN
DI0785.jpg,SOUAIDI BENKHLOU
DI0786.jpg,PRADELLES
DI0787.jpg,LOUH
DI0788.jpg,REVILLON
DI0789.jpg,VICTOR
DI0790.jpg,REMI
DI0791.jpg,ALEXANDRE
DI0792.jpg,BETHAN
DI0793.jpg,VERRO
DI0794.jpg,AXELLE
DI0795.jpg,GICQUEL
DI0796.jpg,HAZZEO
DI0797.jpg,CHAUMONT
DI0798.jpg,SARAH
DI0799.jpg,MADELEINE
DI0800.jpg,FORCE SPENCER
DI0801.jpg,MARC-ULYSSE
DI0802.jpg,PELLETIER
DI0803.jpg,CHARLOTTE
DI0804.jpg,NIMA
DI0805.jpg,MAX
DI0806.jpg,DUBREUIL
DI0807.jpg,ANTOINE
DI0808.jpg,LYOEN
DI0809.jpg,BRETAGNOLLE
DI0810.jpg,SOLER
DI0811.jpg,MATEO
DI0812.jpg,EMMANUELLE
DI0813.jpg,BOUCHER
DI0814.jpg,CAMILLE
DI0815.jpg,BERTRAND
DI0816.jpg,VERNE
DI0817.jpg,LUCIE
DI0818.jpg,CORBEILLE
DI0819.jpg,DIEGO
DI0820.jpg,DHULST
DI0821.jpg,DUGARDIN
DI0822.jpg,VERBRUGGE
DI0823.jpg,GRASSET
DI0824.jpg,EMIN
DI0825.jpg,BAILLEY
DI0826.jpg,AURORE
DI0827.jpg,SONNENDRUCKER
DI0828.jpg,HORTENSE
DI0829.jpg,WINDSOR
DI0830.jpg,BONNET
DI0831.jpg,AURELIEN
DI0832.jpg,KERVIL
DI0833.jpg,PAUL
DI0834.jpg,MARINHO
DI0835.jpg,SYLVAIN
DI0836.jpg,DESIMEUA
DI0837.jpg,LOTHAIRE
DI0838.jpg,OCEANE
DI0839.jpg,PIERRE-LOVIS
DI0840.jpg,DAMIENS
DI0841.jpg,NAIH
DI0842.jpg,ELIOT
DI0843.jpg,NOLHAN
DI0844.jpg,PONCHON
DI0845.jpg,SAIDMOUTOIOU
DI0846.jpg,SOPHIA
DI0847.jpg,THEODORE
DI0848.jpg,SOURON
DI0849.jpg,DIOOUH
DI0850.jpg,THEO
DI0851.jpg,GHERMAONI
DI0852.jpg,AGATHE
DI0853.jpg,PRIAM
DI0854.jpg,FRANCI
DI0855.jpg,JOULIN
DI0856.jpg,BLAIR
DI0857.jpg,SARAH
DI0858.jpg,RESO
DI0859.jpg,SYLVIE
DI0860.jpg,CHANTEUR
DI0861.jpg,WITT
DI0862.jpg,DUCLERE
DI0863.jpg,SOHONA
DI0864.jpg,DARCE
DI0865.jpg,MALAPEL
DI0866.jpg,HUGO
DI0867.jpg,LUKAS
DI0868.jpg,LOUNA
DI0869.jpg,JULIETTE
DI0870.jpg,HUANG
DI0871.jpg,PIERRE-MARO
DI0872.jpg,DETCHESSAHAR
DI0873.jpg,CORHON
DI0874.jpg,TRISTAN
DI0875.jpg,HANESSHI
DI0876.jpg,TREBOUX
DI0877.jpg,LAURE
DI0878.jpg,CHARLOT
DI0879.jpg,ANTONIN
DI0880.jpg,LYES
DI0881.jpg,MATHIEU
DI0882.jpg,BARBET
DI0883.jpg,ROUSSEAU
DI0884.jpg,NIJAKI
DI0885.jpg,LEO
DI0886.jpg,SIMON
DI0887.jpg,TROISPOUX
DI0888.jpg,BACEL
DI0889.jpg,HOUAS
DI0890.jpg,JENNER
DI0891.jpg,MARIEM
DI0892.jpg,DAVENEL
DI0893.jpg,VIU
DI0894.jpg,TADEVOSSIAN
DI0895.jpg,FANNY
DI0896.jpg,ERWANN
DI0897.jpg,EVA
DI0898.jpg,MAXIME
DI0899.jpg,ALLAN
DI0900.jpg,GEGES
DI0901.jpg,BRICEAU
DI0902.jpg,THIRIEZ
DI0903.jpg,THURIAULT
DI0904.jpg,0
DI0905.jpg,RECO
DI0906.jpg,SWIATHY
DI0907.jpg,LOU
DI0908.jpg,JOSSEAU
DI0909.jpg,ALICIA
DI0910.jpg,PATRICE
DI0911.jpg,COLIN
DI0912.jpg,DESAINTSEAN
DI0913.jpg,LEROUX
DI0914.jpg,NAELLE
DI0915.jpg,GAUTHIER
DI0916.jpg,CACHELEUX
DI0917.jpg,BENJAMIN
DI0918.jpg,BEAUDER
DI0919.jpg,FABIEN
DI0920.jpg,CHIARA
DI0921.jpg,VICTOIRE
DI0922.jpg,MAEVA
DI0923.jpg,HAMON
DI0924.jpg,ANAELLE
DI0925.jpg,ARNODO
DI0926.jpg,EDERN
DI0927.jpg,ROMAN
DI0928.jpg,BLANCHART
DI0929.jpg,PAYEN-NERLE
DI0930.jpg,XASMINA
DI0931.jpg,MARQUES FERNANDES
DI0932.jpg,LOUIS
DI0933.jpg,PATTY
DI0934.jpg,EMPTY
DI0935.jpg,KADDOUR
DI0936.jpg,GARANCE
DI0937.jpg,VIEIPPE
DI0938.jpg,APOLLINE
DI0939.jpg,RUBY
DI0940.jpg,BILLIOTTET
DI0941.jpg,BIZET
DI0942.jpg,GODRAN
DI0943.jpg,HELOISE
DI0944.jpg,PAUQUEI
DI0945.jpg,BOUSBIA
DI0946.jpg,LEMOINE
DI0947.jpg,NINON
DI0948.jpg,VALENTIN
DI0949.jpg,GALINDO
DI0950.jpg,DIMITRI
DI0951.jpg,ANDREA
DI0952.jpg,BOUAFIA
DI0953.jpg,QUARINE
DI0954.jpg,GAUTHIER
DI0955.jpg,NESTORET-PUCHER
DI0956.jpg,JOSEPH
DI0957.jpg,LUCAS
DI0958.jpg,UNREADABLE
DI0959.jpg,DEVANNE
DI0960.jpg,BADTISTE
DI0961.jpg,PIERRE
DI0962.jpg,LOUIS
DI0963.jpg,FLAVIE
DI0964.jpg,GHERMAN
DI0965.jpg,HIPPOLYTE
DI0966.jpg,FAVREROCHEX
DI0967.jpg,GUILLOU
DI0968.jpg,PEREIRA
DI0969.jpg,LASNIER
DI0970.jpg,HEMMER-BUURU
DI0971.jpg,ARTHUR
DI0972.jpg,CARL
DI0973.jpg,ALEXNA
DI0974.jpg,DUBOQUET
DI0975.jpg,OCTAVS
DI0976.jpg,SID
DI0977.jpg,CHRISTOPHER
DI0978.jpg,COIGNET
DI0979.jpg,DENIS
DI0980.jpg,DADOU
DI0981.jpg,LEVILLAIN
DI0982.jpg,MALAVAL
DI0983.jpg,TOURNIER
DI0984.jpg,LENNY
DI0985.jpg,YANI
DI0986.jpg,JUSTINE
DI0987.jpg,MARTIN
DI0988.jpg,TRAVERSE
DI0989.jpg,BITON
DI0990.jpg,LE DEZ
DI0991.jpg,THEO
DI0992.jpg,ALYCIB
DI0993.jpg,CLEMENTINE
DI0994.jpg,JESSEP
DI0995.jpg,MALO
DI0996.jpg,CAMILLE
DI0997.jpg,FOUQUE
DI0998.jpg,CHEREAU
DI0999.jpg,THOMAS KUBEREK
DI1000.jpg,SAVANNAH
DI1001.jpg,TACHON
DI1002.jpg,LAETITIA
DI1003.jpg,HODY
DI1004.jpg,RAFFAELA
DI1005.jpg,THOMAS
DI1006.jpg,ELOISE
DI1007.jpg,ANTONIN
DI1008.jpg,SANA
DI1009.jpg,BLAIRON
DI1010.jpg,BERNARD
DI1011.jpg,PAUL
DI1012.jpg,THEO
DI1013.jpg,FABRE
DI1014.jpg,LASCAR
DI1015.jpg,VALLEE
DI1016.jpg,ARTHUR
DI1017.jpg,PIERRE
DI1018.jpg,NOURIMEN
DI1019.jpg,TABARD
DI1020.jpg,DUCHENE
DI1021.jpg,BEN MESSAOUD
DI1022.jpg,ELOUANN
DI1023.jpg,MARCHAIS
DI1024.jpg,DESMOUS
DI1025.jpg,ELIOTT
DI1026.jpg,ALBANE
DI1027.jpg,BOUHADHAOJ
DI1028.jpg,TIMOTHEE
DI1029.jpg,ATTAR
DI1030.jpg,DAVID
DI1031.jpg,MACEO
DI1032.jpg,ILAN
DI1033.jpg,ROGER
DI1034.jpg,MONTILLET
DI1035.jpg,RICO
DI1036.jpg,HERBINET
DI1037.jpg,TCHAKMAKOSI
DI1038.jpg,DAVID
DI1039.jpg,CECILE
DI1040.jpg,BELADGHAM
DI1041.jpg,GONES DA SILVA
DI1042.jpg,CHERIFI
DI1043.jpg,ZOE
DI1044.jpg,BROYAS
DI1045.jpg,ENNOUARI
DI1046.jpg,CHEN
DI1047.jpg,AURELILN
DI1048.jpg,SIMON
DI1049.jpg,ROULLEAU
DI1050.jpg,VICTOR
DI1051.jpg,ALICE
DI1052.jpg,AMAURY
DI1053.jpg,EMPTY
DI1054.jpg,LOUIS
DI1055.jpg,NAGUER
DI1056.jpg,CLEMENTINE
DI1057.jpg,REGIN
DI1058.jpg,MAQY
DI1059.jpg,MAYLIS
DI1060.jpg,FEIGRE
DI1061.jpg,JULIE
DI1062.jpg,CHLOE
DI1063.jpg,QUEIROS
DI1064.jpg,BRAYAN
DI1065.jpg,CLEMENCE
DI1066.jpg,YOUNSY
DI1067.jpg,DESHAYES
DI1068.jpg,MAEL
DI1069.jpg,LAURA
DI1070.jpg,COINTEDAS
DI1071.jpg,ZHOU
DI1072.jpg,VASSE
DI1073.jpg,THOMAS
DI1074.jpg,SARAH
DI1075.jpg,MBUMBA
DI1076.jpg,EVE
DI1077.jpg,GUILLET
DI1078.jpg,LE COCA
DI1079.jpg,AMARA
DI1080.jpg,CLARA
DI1081.jpg,JADE
DI1082.jpg,GUINET
DI1083.jpg,PAULINE
DI1084.jpg,ISAURE
DI1085.jpg,BETTY
DI1086.jpg,ANAIS
DI1087.jpg,REYDELLET
DI1088.jpg,LETICIA
DI1089.jpg,FLORINE
DI1090.jpg,CANTAIS
DI1091.jpg,JOBIE
DI1092.jpg,MANFE
DI1093.jpg,RAPHAEL
DI1094.jpg,NACIM
DI1095.jpg,PAUL
DI1096.jpg,LEROUX
DI1097.jpg,BESAIN
DI1098.jpg,CHASSAGNON
DI1099.jpg,THIOT
DI1100.jpg,SHIREL
DI1101.jpg,ULYSSE
DI1102.jpg,VILLEPONTOUX
DI1103.jpg,PILON
DI1104.jpg,DOLD
DI1105.jpg,RETALLEAU
DI1106.jpg,ELOYSE
DI1107.jpg,VERCASSON
DI1108.jpg,RONCIN
DI1109.jpg,ALAN
DI1110.jpg,JENNIFER
DI1111.jpg,CLEMENT
DI1112.jpg,CHAHLAL
DI1113.jpg,KEVIN
DI1114.jpg,MATTEO
DI1115.jpg,TITOUAN
DI1116.jpg,PARAT--VIDAL
DI1117.jpg,NATHAN
DI1118.jpg,AMBRE
DI1119.jpg,CHAUVINEAU
DI1120.jpg,COQUARD-SIBOUNI
DI1121.jpg,ALLIK
DI1122.jpg,CLARA
DI1123.jpg,BURGER
DI1124.jpg,CESARIE
DI1125.jpg,ANNE-HELENE
DI1126.jpg,CLARA
DI1127.jpg,VIANNEY
DI1128.jpg,GRATEAU
DI1129.jpg,BOUDJEMA
DI1130.jpg,EMILIE
DI1131.jpg,TARAQUOIS
DI1132.jpg,JULES
DI1133.jpg,SAILLON
DI1134.jpg,ANNA
DI1135.jpg,GODARD
DI1136.jpg,DUMOULIN
DI1137.jpg,KASSANDKA
DI1138.jpg,KERBRAT
DI1139.jpg,QUENTIN
DI1140.jpg,GARNGER
DI1141.jpg,EOGAR
DI1142.jpg,ILYAS
DI1143.jpg,AGOSSOU
DI1144.jpg,YANIS
DI1145.jpg,BAUCHOT
DI1146.jpg,CORENTIN
DI1147.jpg,ZIANI
DI1148.jpg,BRACCO
DI1149.jpg,MAHEUT
DI1150.jpg,JEANNE
DI1151.jpg,ARTHUR
DI1152.jpg,MARIO
DI1153.jpg,CONSTANCE
DI1154.jpg,KESSLER
DI1155.jpg,KILYAN
DI1156.jpg,MAXENS
DI1157.jpg,AXEL
DI1158.jpg,PREAUX
DI1159.jpg,KENTIN
DI1160.jpg,NICULAE
DI1161.jpg,SALMAN
DI1162.jpg,ERIL
DI1163.jpg,DYLAN
DI1164.jpg,MOUNEYRAC
DI1165.jpg,PASCAL
DI1166.jpg,MORAND
DI1167.jpg,KYLIANN
DI1168.jpg,NGUYEN
DI1169.jpg,LHEUREUX PETIT
DI1170.jpg,MAYLIS
DI1171.jpg,ESTEBAN
DI1172.jpg,LECONTE
DI1173.jpg,MATTHIEU
DI1174.jpg,LOUISA
DI1175.jpg,COUDURIER
DI1176.jpg,AXEL
DI1177.jpg,OCEANE
DI1178.jpg,DANGER
DI1179.jpg,JADE
DI1180.jpg,LAURINE
DI1181.jpg,MAUD
DI1182.jpg,BAYON
DI1183.jpg,LOLA
DI1184.jpg,EMMA
DI1185.jpg,MANON
DI1186.jpg,ANDRE
DI1187.jpg,MAEVA
DI1188.jpg,BHIH
DI1189.jpg,MINOIS
DI1190.jpg,NAJIB
DI1191.jpg,TRISTAN
DI1192.jpg,MUSA
DI1193.jpg,PISSON
DI1194.jpg,RAPHAELLE
DI1195.jpg,PENNEC
DI1196.jpg,CHELSEA
DI1197.jpg,AREL
DI1198.jpg,JUSTINE
DI1199.jpg,LUBIN
DI1200.jpg,JEHANNO
DI1201.jpg,PEREIRA
DI1202.jpg,AUDREY
DI1203.jpg,GOBET
DI1204.jpg,CETI
DI1205.jpg,PARIS
DI1206.jpg,HELILLI--LOPEZ
DI1207.jpg,TUFFIGO
DI1208.jpg,KINGUE
DI1209.jpg,FERRY
DI1210.jpg,ANAIS
DI1211.jpg,WISSAL
DI1212.jpg,PAULINE
DI1213.jpg,SECK
DI1214.jpg,PINEAU
DI1215.jpg,LOLA
DI1216.jpg,ANTONE
DI1217.jpg,CHARLINE
DI1218.jpg,DITTE
DI1219.jpg,KEVIN
DI1220.jpg,DEANTONI
DI1221.jpg,SACHA
DI1222.jpg,IRGUI
DI1223.jpg,KUZNETSOVA
DI1224.jpg,LE NOTRE
DI1225.jpg,GARREAU
DI1226.jpg,ANGE
DI1227.jpg,ANAELE
DI1228.jpg,BCNARD
DI1229.jpg,TISON
DI1230.jpg,RYAD
DI1231.jpg,NADIA
DI1232.jpg,OBERHAUSER
DI1233.jpg,MELANIE
DI1234.jpg,FIESCHI
DI1235.jpg,NINO
DI1236.jpg,AUBERT
DI1237.jpg,DANDEVILLE
DI1238.jpg,CUESTA
DI1239.jpg,ENZO
DI1240.jpg,COM
DI1241.jpg,FERRAND
DI1242.jpg,LEA
DI1243.jpg,BOUCHET
DI1244.jpg,MAKHLAF
DI1245.jpg,NICOLAS
DI1246.jpg,LAURENT
DI1247.jpg,LAURENT
DI1248.jpg,NINA
DI1249.jpg,BONNET-EYMARD
DI1250.jpg,REMOND
DI1251.jpg,ADRIEN
DI1252.jpg,HURTAUD
DI1253.jpg,MAELYS
DI1254.jpg,PELLEGRINO
DI1255.jpg,LONGIN
DI1256.jpg,PIGEYRE
DI1257.jpg,DESHERAUD
DI1258.jpg,LOUISE
DI1259.jpg,HADJI
DI1260.jpg,GIQUELLO
DI1261.jpg,RICHARD
DI1262.jpg,CABAU
DI1263.jpg,GREGOIRE
DI1264.jpg,VAWGON
DI1265.jpg,GODOT
DI1266.jpg,NEFF
DI1267.jpg,VOIRON
DI1268.jpg,OMER
DI1269.jpg,LAURYN
DI1270.jpg,AWAYOGO
DI1271.jpg,NOAR
DI1272.jpg,MATHIEU
DI1273.jpg,KOC
DI1274.jpg,DAIM
DI1275.jpg,CHLOE
DI1276.jpg,MARTY
DI1277.jpg,HOYS
DI1278.jpg,BOURDAREL
DI1279.jpg,LOIC
DI1280.jpg,CALIXTE
DI1281.jpg,BARON SALUDEN
DI1282.jpg,MATTHIEU
DI1283.jpg,ROXANE
DI1284.jpg,CLAQA
DI1285.jpg,RAPHAEL
DI1286.jpg,LEFEVRE
DI1287.jpg,PETREMENT
DI1288.jpg,WADOUACHI
DI1289.jpg,ANGELO
DI1290.jpg,CHARLENE
DI1291.jpg,MARIEM
DI1292.jpg,TONY
DI1293.jpg,BECHENR
DI1294.jpg,ESTABIN
DI1295.jpg,CLECHET
DI1296.jpg,ADJOUTE
DI1297.jpg,MATHIAS
DI1298.jpg,LEONIE
DI1299.jpg,HERRY
DI1300.jpg,SAN
DI1301.jpg,AGATHE
DI1302.jpg,REDCENT
DI1303.jpg,ALIX
DI1304.jpg,MAXIME
DI1305.jpg,PASCO
DI1306.jpg,MANEL
DI1307.jpg,BRILLAUD
DI1308.jpg,CAMILLE
DI1309.jpg,LOUNA
DI1310.jpg,PAJIC
DI1311.jpg,LINCANGO
DI1312.jpg,UNREABLE
DI1313.jpg,MARINE
DI1314.jpg,PAUL
DI1315.jpg,DUPONT-ROUGIER
DI1316.jpg,LARRUCHON
DI1317.jpg,ROUAUX
DI1318.jpg,ENZO
DI1319.jpg,VIGOT
DI1320.jpg,LUCAS
DI1321.jpg,SARRE
DI1322.jpg,BORDONADO
DI1323.jpg,JULIETTE
DI1324.jpg,YASSINE
DI1325.jpg,SORRES
DI1326.jpg,MERVEILLE
DI1327.jpg,TERNOIS
DI1328.jpg,CLOE
DI1329.jpg,LENFANT
DI1330.jpg,AENOR
DI1331.jpg,VAN MALLEGHEM
DI1332.jpg,REVET
DI1333.jpg,NOA
DI1334.jpg,PIERRE LOUIS
DI1335.jpg,BOULANGER
DI1336.jpg,MIRRAHEZANI-SADAT
DI1337.jpg,MORISON
DI1338.jpg,ABBID-PINTUCCI
DI1339.jpg,DORIAN
DI1340.jpg,ZALESKI
DI1341.jpg,CARRE-LORMEAU
DI1342.jpg,VASAN THATHEVAN
DI1343.jpg,ROMAIN
DI1344.jpg,CAMILLE
DI1345.jpg,BONNEFOY
DI1346.jpg,PAUL
DI1347.jpg,BOUTET
DI1348.jpg,CHOQUET
DI1349.jpg,LUL
DI1350.jpg,ADELINE
DI1351.jpg,MANON
DI1352.jpg,JAUREGUIBERRY
DI1353.jpg,HAMANN
DI1354.jpg,CASSANDRA
DI1355.jpg,ELOUAN
DI1356.jpg,HUGO
DI1357.jpg,EL HARRAMI
DI1358.jpg,BESSON
DI1359.jpg,CELENA
DI1360.jpg,DUPONT
DI1361.jpg,ELISA
DI1362.jpg,ACELYA
DI1363.jpg,PPLAT
DI1364.jpg,ARTHUR
DI1365.jpg,JARMARCZYK
DI1366.jpg,LOU
DI1367.jpg,LEELOO
DI1368.jpg,MARTIN
DI1369.jpg,ANGIE-KELLYSHA
DI1370.jpg,MAGES
DI1371.jpg,ARNAUD
DI1372.jpg,LANDRY
DI1373.jpg,NOLAN
DI1374.jpg,LEON
DI1375.jpg,COME
DI1376.jpg,BLANCHIN
DI1377.jpg,HONORE
DI1378.jpg,VICTORIA
DI1379.jpg,HUCHET-GIRARD
DI1380.jpg,NABIL
DI1381.jpg,NICOLAS
DI1382.jpg,ALMANZA
DI1383.jpg,KILIAN
DI1384.jpg,ECIO
DI1385.jpg,BOUZIDI
DI1386.jpg,CANDELIER
DI1387.jpg,URCUN
DI1388.jpg,DORIANE
DI1389.jpg,LEMORT
DI1390.jpg,ASTRID
DI1391.jpg,STAHLI
DI1392.jpg,PITARD HAVARD
DI1393.jpg,BLAKE
DI1394.jpg,SLILO CHAWA
DI1395.jpg,BAPTISTE
DI1396.jpg,ZOE
DI1397.jpg,KUBIT
DI1398.jpg,MILLIER
DI1399.jpg,AKAKPO
DI1400.jpg,DIEGO
DI1401.jpg,MAIMOUNA
DI1402.jpg,MAUDEAN
DI1403.jpg,PAUL
DI1404.jpg,MICHEL
DI1405.jpg,LOUENN
DI1406.jpg,FELIX
DI1407.jpg,DAME
DI1408.jpg,ELISE
DI1409.jpg,MATTEO
DI1410.jpg,ABO ELHEDI
DI1411.jpg,CORENTIN
DI1412.jpg,ADRIEN
DI1413.jpg,LEA
DI1414.jpg,JACQUES
DI1415.jpg,FARAH
DI1416.jpg,VALENTIN
DI1417.jpg,HUGO
DI1418.jpg,MORON
DI1419.jpg,GUILHEM
DI1420.jpg,BOURY
DI1421.jpg,NESRINE
DI1422.jpg,CATTOT
DI1423.jpg,COTTEREAU
DI1424.jpg,BOURGUIGNON
DI1425.jpg,LUCIE
DI1426.jpg,HOUY
DI1427.jpg,THOMAS
DI1428.jpg,ARSENE
DI1429.jpg,FLORIAN
DI1430.jpg,LOUICHON
DI1431.jpg,MATHILDE
DI1432.jpg,YELIZ
DI1433.jpg,GOBINET
DI1434.jpg,FLORENTIN
DI1435.jpg,DIAS
DI1436.jpg,PERRONE
DI1437.jpg,CHABERT
DI1438.jpg,RETER
DI1439.jpg,REGNAULT
DI1440.jpg,GILLIAN
DI1441.jpg,CAHEN
DI1442.jpg,ABTITOUI
DI1443.jpg,ANAELLE
DI1444.jpg,ANTOINE
DI1445.jpg,JULIETTE
DI1446.jpg,MAXIME
DI1447.jpg,RASSENT
DI1448.jpg,FRANCOIS
DI1449.jpg,BERNARD
DI1450.jpg,ALEXANDRE
DI1451.jpg,MENTASSER
DI1452.jpg,DROULOUT
DI1453.jpg,COCHE
DI1454.jpg,DEBERSE
DI1455.jpg,RICHARD
DI1456.jpg,JULIENNE
DI1457.jpg,THEOTIME
DI1458.jpg,YUNA
DI1459.jpg,NOA
DI1460.jpg,PITHOIS
DI1461.jpg,CLARA
DI1462.jpg,GONZALEZ
DI1463.jpg,VANDAPEL-RONDOT
DI1464.jpg,ORIANE
DI1465.jpg,ELMOUMI
DI1466.jpg,MALO
DI1467.jpg,MARGAUX
DI1468.jpg,TIPHAINE
DI1469.jpg,EECKOUTE
DI1470.jpg,BRUN
DI1471.jpg,NATHAN
DI1472.jpg,LLOISEAU
DI1473.jpg,BERTELLE
DI1474.jpg,DE BACKER
DI1475.jpg,BORSES DEIINA
DI1476.jpg,PUTIER - PURE
DI1477.jpg,FAYOLLE
DI1478.jpg,EL MOUFAKKIR
DI1479.jpg,SOLINE
DI1480.jpg,DELLERBA
DI1481.jpg,LEMAIRE
DI1482.jpg,RAUTUREAU
DI1483.jpg,BLANCHET
DI1484.jpg,BEAUMONT
DI1485.jpg,AMBLARD
DI1486.jpg,VERVAECKE
DI1487.jpg,LUCIE
DI1488.jpg,THOMAS
DI1489.jpg,LOU-ANN
DI1490.jpg,LEROY
DI1491.jpg,ARTHUR
DI1492.jpg,CORENTIN
DI1493.jpg,ALYCIA
DI1494.jpg,NICOLAS
DI1495.jpg,BELALIAT
DI1496.jpg,ALEXIS
DI1497.jpg,AIME
DI1498.jpg,CLEMENT
DI1499.jpg,GUILMEM
DI1500.jpg,MILENA
DI1501.jpg,PAILLAUD
DI1502.jpg,SAILLARD
DI1503.jpg,CHARKI
DI1504.jpg,FOUQUEREAU
DI1505.jpg,LINA
DI1506.jpg,BOURBIA
DI1507.jpg,TOM
DI1508.jpg,RAYAN
DI1509.jpg,TEOMAN
DI1510.jpg,JOLY
DI1511.jpg,LEMENAGER
DI1512.jpg,JESSICA
DI1513.jpg,MAO
DI1514.jpg,LORENA
DI1515.jpg,ELENA
DI1516.jpg,ANNE
DI1517.jpg,AURELIEN
DI1518.jpg,SOCHARD
DI1519.jpg,LAURENT
DI1520.jpg,LANCIEN
DI1521.jpg,KEROUE
DI1522.jpg,ALYSSIA
DI1523.jpg,ACCOLAS
DI1524.jpg,ETHAN
DI1525.jpg,TOMBALLE
DI1526.jpg,GAUDIN
DI1527.jpg,ROMAIN
DI1528.jpg,LENAIN
DI1529.jpg,MESBRI
DI1530.jpg,LEONIE
DI1531.jpg,PETIT
DI1532.jpg,CREMI EUX
DI1533.jpg,USUBELLI
DI1534.jpg,MAILLARD
DI1535.jpg,YUSUF
DI1536.jpg,DAVID
DI1537.jpg,LUCY
DI1538.jpg,HAYETTE
DI1539.jpg,CORSELLE
DI1540.jpg,JADE
DI1541.jpg,JADE
DI1542.jpg,TOURINE
DI1543.jpg,MONCADA
DI1544.jpg,ENORA
DI1545.jpg,VICTOR
DI1546.jpg,NICOLAS
DI1547.jpg,VANDAELE
DI1548.jpg,DUBOSC
DI1549.jpg,ZHIYU
DI1550.jpg,ADEM
DI1551.jpg,JULIETTE
DI1552.jpg,ELAAROUANI
DI1553.jpg,PUIG
DI1554.jpg,JULIETTE
DI1555.jpg,IMANOL
DI1556.jpg,CABANACQ
DI1557.jpg,VIANNEY
DI1558.jpg,STELLA
DI1559.jpg,TORTET
DI1560.jpg,MERIAU
DI1561.jpg,ELMOUSSAOUI
DI1562.jpg,ANGELIQUE
DI1563.jpg,BAREILLE
DI1564.jpg,MARIE
DI1565.jpg,LUCIE
DI1566.jpg,FABIEN
DI1567.jpg,AMELLAL
DI1568.jpg,MILA
DI1569.jpg,PADIOLLEAU
DI1570.jpg,OCTAVE
DI1571.jpg,HAXHIJAJ
DI1572.jpg,LEMOINE
DI1573.jpg,FIRPION
DI1574.jpg,AMAUDRIC
DI1575.jpg,HUGO
DI1576.jpg,PARENT
DI1577.jpg,ELISE
DI1578.jpg,CELIA
DI1579.jpg,VIVOT
DI1580.jpg,IMANE
DI1581.jpg,MATHIS
DI1582.jpg,ALBERQUILLA
DI1583.jpg,REMI
DI1584.jpg,MERINA
DI1585.jpg,EDME
DI1586.jpg,BRIANTZEFF-CECILLE
DI1587.jpg,EDDY
DI1588.jpg,EDOUARD
DI1589.jpg,ROUET
DI1590.jpg,ALIBERT
DI1591.jpg,MAYOT
DI1592.jpg,TIMOTHEE
DI1593.jpg,ETHAN
DI1594.jpg,MANON
DI1595.jpg,QUENTIN
DI1596.jpg,LUCY
DI1597.jpg,MILA
DI1598.jpg,AVELLINO
DI1599.jpg,VIGNEAU
DI1600.jpg,EVERAERE
DI1601.jpg,STEVEN
DI1602.jpg,KENYAN
DI1603.jpg,LAURYN
DI1604.jpg,HARDY
DI1605.jpg,KOLLI
DI1606.jpg,AURE
DI1607.jpg,MEPINE
DI1608.jpg,PAOLI
DI1609.jpg,ADAM
DI1610.jpg,MAEL
DI1611.jpg,CLARA
DI1612.jpg,MEHOI
DI1613.jpg,CAMILLE
DI1614.jpg,FABIEN
DI1615.jpg,HARA
DI1616.jpg,WAKIM
DI1617.jpg,PERDREAU
DI1618.jpg,MAHU
DI1619.jpg,DOAN-PERRI
DI1620.jpg,LINCOT
DI1621.jpg,CANDICE
DI1622.jpg,PIECHEL
DI1623.jpg,VINCENT
DI1624.jpg,HOUNIA
DI1625.jpg,GAINTRAND
DI1626.jpg,BONVAL
DI1627.jpg,NESRINE
DI1628.jpg,BEAUGRAND
DI1629.jpg,SCHEUER
DI1630.jpg,JULIETTE
DI1631.jpg,CHRISTINE
DI1632.jpg,MARGOT
DI1633.jpg,BENJANIN
DI1634.jpg,NARIUS
DI1635.jpg,ZOE
DI1636.jpg,MARTIN
DI1637.jpg,LOISEL
DI1638.jpg,LUCIE
DI1639.jpg,BARMES
DI1640.jpg,BENJAMIN
DI1641.jpg,MORETTI
DI1642.jpg,CYLIAN
DI1643.jpg,SEYMEN
DI1644.jpg,TOM
DI1645.jpg,ELOI
DI1646.jpg,CAGVIE
DI1647.jpg,DUBRULLE
DI1648.jpg,CANTAGREL
DI1649.jpg,ESCOLANO
DI1650.jpg,FIRDAWS
DI1651.jpg,YASEMIN
DI1652.jpg,BUI
DI1653.jpg,BORTH
DI1654.jpg,LEPOITTEVIN
DI1655.jpg,BOUTET
DI1656.jpg,MORET
DI1657.jpg,JALLADE
DI1658.jpg,VILCOT KIELBAS A
DI1659.jpg,CASSANDRA
DI1660.jpg,CRETE
DI1661.jpg,MANUEL
DI1662.jpg,COUILLAUD
DI1663.jpg,RUPIED
DI1664.jpg,DIANE
DI1665.jpg,BERTAND
DI1666.jpg,RIVIERE
DI1667.jpg,LYDA
DI1668.jpg,THOMAS
DI1669.jpg,BONNAT
DI1670.jpg,NOVICE
DI1671.jpg,COOPER
DI1672.jpg,VLUDAG-YENER
DI1673.jpg,CLARA
DI1674.jpg,LOUIS
DI1675.jpg,EWEN
DI1676.jpg,AXEL
DI1677.jpg,NASSIM
DI1678.jpg,LOPES DE OLIVEIRA
DI1679.jpg,MABROUK
DI1680.jpg,METRAL
DI1681.jpg,GILET
DI1682.jpg,ZAMARYA
DI1683.jpg,GU LLAUNE
DI1684.jpg,ALI
DI1685.jpg,BROCHET
DI1686.jpg,FINIS
DI1687.jpg,VICTOR
DI1688.jpg,DORIAN
DI1689.jpg,HANAEE
DI1690.jpg,CHABHA
DI1691.jpg,BOURGEOIS
DI1692.jpg,DELBOS
DI1693.jpg,BARCZYNSKI
DI1694.jpg,VICTOIRE
DI1695.jpg,LECERF
DI1696.jpg,TAMBOUR
DI1697.jpg,LUDIVINE
DI1698.jpg,ATILA
DI1699.jpg,KHALFAOUI
DI1700.jpg,NOEMIE
DI1701.jpg,GANGLOFF
DI1702.jpg,CHARLOTTE
DI1703.jpg,POTIER
DI1704.jpg,MIMOUN-MASSE
DI1705.jpg,JOSEPHINE
DI1706.jpg,CONRAUX
DI1707.jpg,AUSSEL
DI1708.jpg,PIGEON
DI1709.jpg,MARIE
DI1710.jpg,MINART
DI1711.jpg,MILA
DI1712.jpg,CELYA
DI1713.jpg,BIOR
DI1714.jpg,CAPUCINE
DI1715.jpg,EMMA
DI1716.jpg,GABIV
DI1717.jpg,STRANO
DI1718.jpg,IVAN
DI1719.jpg,QUEKVEN
DI1720.jpg,MICHEL
DI1721.jpg,JASSIM
DI1722.jpg,RYAN
DI1723.jpg,DIEGO
DI1724.jpg,TONA
DI1725.jpg,GILBERT
DI1726.jpg,DEHAIS
DI1727.jpg,DELAROCHE
DI1728.jpg,CHARBONNEL
DI1729.jpg,ANAIS
DI1730.jpg,IRAK
DI1731.jpg,JULIE
DI1732.jpg,BAPTISTE
DI1733.jpg,JULIE
DI1734.jpg,BOULIC
DI1735.jpg,YONI
DI1736.jpg,FOURNIER-SOLER
DI1737.jpg,KOEVYM
DI1738.jpg,CHAIMA
DI1739.jpg,DA SILVA NUNES
DI1740.jpg,PASTOR
DI1741.jpg,CELIA
DI1742.jpg,THALIA
DI1743.jpg,PIERRE
DI1744.jpg,MATHEO
DI1745.jpg,JOLIFF
DI1746.jpg,RIFAAT
DI1747.jpg,NIBIZIGIRWA
DI1748.jpg,MAXIME
DI1749.jpg,MANON
DI1750.jpg,CLEMENT
DI1751.jpg,SARRUT
DI1752.jpg,DESIR
DI1753.jpg,CASSANDRA
DI1754.jpg,DENIMOUT
DI1755.jpg,GLADYS
DI1756.jpg,STEVEN
DI1757.jpg,MARINA
DI1758.jpg,LE STRAT
DI1759.jpg,FLEURY
DI1760.jpg,JAMGOTCHIAN
DI1761.jpg,SISOVATH
DI1762.jpg,JOUVE
DI1763.jpg,BAMONIO
DI1764.jpg,MARIOT
DI1765.jpg,MAJDA
DI1766.jpg,HYSENBELLIU
DI1767.jpg,MULLER
DI1768.jpg,ESTELLE
DI1769.jpg,MYRIAM
DI1770.jpg,SHANA
DI1771.jpg,PAILLOT
DI1772.jpg,LOUIS
DI1773.jpg,NAWEL
DI1774.jpg,BELARBI
DI1775.jpg,THOMAS
DI1776.jpg,CIPRIAN
DI1777.jpg,FLOCH
DI1778.jpg,VINCENT
DI1779.jpg,DUCLAUT
DI1780.jpg,GUEHENNEUX
DI1781.jpg,ZOE
DI1782.jpg,TOM
DI1783.jpg,MEURIE
DI1784.jpg,MORENA
DI1785.jpg,GOETGHEBEUR
DI1786.jpg,MATEI
DI1787.jpg,BASTIEN
DI1788.jpg,BORIAS
DI1789.jpg,JOLYNE
DI1790.jpg,CAZZATO
DI1791.jpg,WILLIAM
DI1792.jpg,MOREAU
DI1793.jpg,OYBE
DI1794.jpg,MARC
DI1795.jpg,HORTENSE
DI1796.jpg,SAEZ
DI1797.jpg,ESTHER
DI1798.jpg,LEPEU
DI1799.jpg,CHATANAY
DI1800.jpg,DAMIEN
DI1801.jpg,RYAN
DI1802.jpg,SALZARD
DI1803.jpg,LAYAN
DI1804.jpg,LE CORRE
DI1805.jpg,FABIOE
DI1806.jpg,LUCAS
DI1807.jpg,NILS
DI1808.jpg,THIGAUT
DI1809.jpg,DELATARZELLE
DI1810.jpg,GUIZELIN
DI1811.jpg,GREGOIRE
DI1812.jpg,CHARLOTTE
DI1813.jpg,TOKMAK
DI1814.jpg,EMILIANA
DI1815.jpg,WOICIECHOWSKI
DI1816.jpg,DARREN
DI1817.jpg,PALUBIATKA
DI1818.jpg,ELOI
DI1819.jpg,LECLENE
DI1820.jpg,LISE
DI1821.jpg,MARGAULT
DI1822.jpg,KOCH
DI1823.jpg,LAZARICA
DI1824.jpg,LHERMITTE
DI1825.jpg,SUZIE
DI1826.jpg,BRUNNER
DI1827.jpg,DEVAUX
DI1828.jpg,MATTEO
DI1829.jpg,BERTHELIN
DI1830.jpg,VIGNEAU
DI1831.jpg,MASSELOT
DI1832.jpg,KAIS
DI1833.jpg,HOAREAU
DI1834.jpg,CAMBON
DI1835.jpg,HELENA
DI1836.jpg,BLANC
DI1837.jpg,HUMEAU
DI1838.jpg,LAISNEY
DI1839.jpg,ARARAT
DI1840.jpg,SASHA
DI1841.jpg,ELORA
DI1842.jpg,LE BESCOND
DI1843.jpg,ENZO
DI1844.jpg,VALENTIN
DI1845.jpg,CLEMENT
DI1846.jpg,ELISE
DI1847.jpg,LEXANE
DI1848.jpg,TINO
DI1849.jpg,LEO
DI1850.jpg,HARNOUFI
DI1851.jpg,ALLOMBERT-BLAISE
DI1852.jpg,DANIEL
DI1853.jpg,ENZO
DI1854.jpg,CAMILLE
DI1855.jpg,BOCQUET
DI1856.jpg,CAUBET
DI1857.jpg,MASSIKA
DI1858.jpg,BLOT
DI1859.jpg,GUILLENIN
DI1860.jpg,KIARA
DI1861.jpg,MASSELIN
DI1862.jpg,ELEA
DI1863.jpg,LEO
DI1864.jpg,VICTOR
DI1865.jpg,NEMO
DI1866.jpg,ARTHUR
DI1867.jpg,FRANCOIS
DI1868.jpg,LAURENT
DI1869.jpg,THANINA
DI1870.jpg,JULUE
DI1871.jpg,EL MASDOUB
DI1872.jpg,TRULLARD
DI1873.jpg,VINCENT
DI1874.jpg,PRATA
DI1875.jpg,MAZEAU
DI1876.jpg,MALARD
DI1877.jpg,JULIETTE
DI1878.jpg,CHAREYRE
DI1879.jpg,GI UDICELLI
DI1880.jpg,COULONNIER
DI1881.jpg,LISA
DI1882.jpg,JACHA
DI1883.jpg,JULIETTE
DI1884.jpg,JULIA
DI1885.jpg,ADRIEN
DI1886.jpg,WILLEMIN
DI1887.jpg,GABRIELLE
DI1888.jpg,AIDEL
DI1889.jpg,CLARA
DI1890.jpg,ANGER
DI1891.jpg,TIMOTHEE
DI1892.jpg,SACHA
DI1893.jpg,CHARDON
DI1894.jpg,DESAINIJEAN
DI1895.jpg,BLANCHARD
DI1896.jpg,TESTUT
DI1897.jpg,LE GOASDUFF
DI1898.jpg,ACHAB
DI1899.jpg,TERRASSON
DI1900.jpg,ANAELLE
DI1901.jpg,JOSEPH
DI1902.jpg,MARIE
DI1903.jpg,PERCHAIS
DI1904.jpg,CHAIMA
DI1905.jpg,HAE
DI1906.jpg,YIOINE
DI1907.jpg,JENAHE
DI1908.jpg,BENSIHON
DI1909.jpg,MONTIAGE
DI1910.jpg,LANGEVIN
DI1911.jpg,LINE
DI1912.jpg,NICOLAS
DI1913.jpg,LUCIE
DI1914.jpg,ALEXIS
DI1915.jpg,SAMUEL
DI1916.jpg,GIBRIL
DI1917.jpg,MAELYS
DI1918.jpg,MAIA
DI1919.jpg,JEANNE
DI1920.jpg,THIBAUDEAU
DI1921.jpg,BELMILOUD
DI1922.jpg,BERNARD
DI1923.jpg,QUENTIN
DI1924.jpg,SUDOUR
DI1925.jpg,HANSSE
DI1926.jpg,CHELLY
DI1927.jpg,PINEAU
DI1928.jpg,LEFEUVRE
DI1929.jpg,RADET
DI1930.jpg,FERRARD
DI1931.jpg,CHEMARIN
DI1932.jpg,DORYAN
DI1933.jpg,JEANNE
DI1934.jpg,BAPTISTE
DI1935.jpg,JONQUA
DI1936.jpg,HUGO
DI1937.jpg,TROCHET
DI1938.jpg,MONTANI
DI1939.jpg,DUJARDIN
DI1940.jpg,DE LOPOZ
DI1941.jpg,CLERMONT
DI1942.jpg,LEA
DI1943.jpg,BENJAMIN
DI1944.jpg,DUFRESNE
DI1945.jpg,OULD-MOHAMED
DI1946.jpg,THEO
DI1947.jpg,EKLABA
DI1948.jpg,CLEMENT
DI1949.jpg,ENZO
DI1950.jpg,BUZAS
DI1951.jpg,LHEUREUX
DI1952.jpg,PERRAUT
DI1953.jpg,MAUD
DI1954.jpg,CAILLE
DI1955.jpg,YOUSSEF
DI1956.jpg,ARTHURCARBONNE
DI1957.jpg,KEVIN
DI1958.jpg,KHENA
DI1959.jpg,ERWAN
DI1960.jpg,YOUSSEF
DI1961.jpg,BOUGUEROUCHE
DI1962.jpg,OUABOELKAN ER
DI1963.jpg,AURELIEN
DI1964.jpg,OESCH
DI1965.jpg,CAMILLE
DI1966.jpg,CLOUTRIER-VANNIER
DI1967.jpg,VICTORIEN
DI1968.jpg,MAHOYAN
DI1969.jpg,VANESSA
DI1970.jpg,HOSSONGUERY
DI1971.jpg,BASILLE
DI1972.jpg,CHELAOUA
DI1973.jpg,CISSE
DI1974.jpg,ZAINABA
DI1975.jpg,SALMON
DI1976.jpg,DIEGO
DI1977.jpg,TACNET
DI1978.jpg,LATIFA
DI1979.jpg,MAHMOUDI
DI1980.jpg,NAGEL
DI1981.jpg,TOM
DI1982.jpg,RADONSKI
DI1983.jpg,ALLEK
DI1984.jpg,FLORIAN
DI1985.jpg,BENOIT
DI1986.jpg,HOUYSSEE
DI1987.jpg,ALICYA
DI1988.jpg,MOULLET
DI1989.jpg,PELISSTIER
DI1990.jpg,NGUYEN
DI1991.jpg,YAKOVLEVA
DI1992.jpg,COLLON
DI1993.jpg,BRESSON
DI1994.jpg,SCHONER
DI1995.jpg,MORISSET
DI1996.jpg,JORIS
DI1997.jpg,MARGOT
DI1998.jpg,LILA
DI1999.jpg,ANAEL
DI2000.jpg,GUEGAN
DI2001.jpg,ROMANE
DI2002.jpg,EMILIE
DI2003.jpg,MAEVA
DI2004.jpg,BAYRAM
DI2005.jpg,CLODIE
DI2006.jpg,CLEMENT
DI2007.jpg,LEA
DI2008.jpg,MANON
DI2009.jpg,CHACLIED
DI2010.jpg,GREGORIC
DI2011.jpg,DESAGE
DI2012.jpg,LOYAU
DI2013.jpg,COTZA
DI2014.jpg,CLOE
DI2015.jpg,CUCHE
DI2016.jpg,AMRANI
DI2017.jpg,MATHEO
DI2018.jpg,SAN JUAN
DI2019.jpg,JADE
DI2020.jpg,TITOUAN
DI2021.jpg,BATIVET
DI2022.jpg,THOMAS
DI2023.jpg,ILAN
DI2024.jpg,SOFIANE
DI2025.jpg,DEAMORIM
DI2026.jpg,RIAG
DI2027.jpg,DI-GUISTO
DI2028.jpg,LACOSTE
DI2029.jpg,KAINA
DI2030.jpg,PAPILEL
DI2031.jpg,PAUL
DI2032.jpg,DOREY
DI2033.jpg,MENARO
DI2034.jpg,BECHET
DI2035.jpg,LEA
DI2036.jpg,NDAKI
DI2037.jpg,BARIS
DI2038.jpg,LEA
DI2039.jpg,SANDYA
DI2040.jpg,DUMARCHAT
DI2041.jpg,ARTHUR
DI2042.jpg,CLARA
DI2043.jpg,DAGOURET
DI2044.jpg,YOHANN
DI2045.jpg,MANDALAY
DI2046.jpg,IKHLEF
DI2047.jpg,BERNARDIN
DI2048.jpg,AZAD
DI2049.jpg,SAKURA
DI2050.jpg,MEHRIE
DI2051.jpg,BOUKRAA
DI2052.jpg,MARCOS
DI2053.jpg,ROBIN
DI2054.jpg,LORENE
DI2055.jpg,SERRA
DI2056.jpg,SAMI
DI2057.jpg,PAVIOT
DI2058.jpg,SOUMIYA
DI2059.jpg,BENOIT
DI2060.jpg,GARCIA
DI2061.jpg,PEYRET
DI2062.jpg,CHAPOT
DI2063.jpg,CALVIN
DI2064.jpg,THOMAS
DI2065.jpg,ELEONORE
DI2066.jpg,SARAH
DI2067.jpg,KOCHAKHIAN
DI2068.jpg,GUILLAUME
DI2069.jpg,JULIE
DI2070.jpg,LUCAS
DI2071.jpg,LUCIC
DI2072.jpg,RAYAN
DI2073.jpg,CANO
DI2074.jpg,NATHAN
DI2075.jpg,MERIT
DI2076.jpg,CALIENDO
DI2077.jpg,FERRAND
DI2078.jpg,YAUTIER
DI2079.jpg,FAVRE
DI2080.jpg,EMPTY
DI2081.jpg,SELOSSE
DI2082.jpg,FAUCON
DI2083.jpg,JORAT-BOXXET
DI2084.jpg,LEONIE
DI2085.jpg,CHAUMONT
DI2086.jpg,MATHIS
DI2087.jpg,CLEMENT
DI2088.jpg,THOLLET
DI2089.jpg,NATHAN
DI2090.jpg,HABBOUB
DI2091.jpg,MATTHIAS
DI2092.jpg,JEANNE
DI2093.jpg,ADEM
DI2094.jpg,ELIOTT
DI2095.jpg,MAXINE
DI2096.jpg,TALIA
DI2097.jpg,JADE
DI2098.jpg,LEVET
DI2099.jpg,CHASSIGNOL
DI2100.jpg,MARION
DI2101.jpg,SOPHIE
DI2102.jpg,HUIN
DI2103.jpg,LUCIE
DI2104.jpg,ANAIS
DI2105.jpg,PREPIN
DI2106.jpg,ALEXANDRE
DI2107.jpg,HUGO
DI2108.jpg,ANAELLE
DI2109.jpg,DE MATOS
DI2110.jpg,RUYTERS
DI2111.jpg,ELISA
DI2112.jpg,BRENEAU
DI2113.jpg,ARNAUD
DI2114.jpg,OCEANE
DI2115.jpg,SARAH
DI2116.jpg,BARRE
DI2117.jpg,GARRIC
DI2118.jpg,LOLA
DI2119.jpg,KHUON
DI2120.jpg,ALVES-LINAZA
DI2121.jpg,JULIETTE
DI2122.jpg,GONOT
DI2123.jpg,LASCAR
DI2124.jpg,KYLIAN
DI2125.jpg,CECILE
DI2126.jpg,GOFMAIRE
DI2127.jpg,AMELIA
DI2128.jpg,LOLA
DI2129.jpg,ADAM
DI2130.jpg,DATTEE
DI2131.jpg,BERTIE
DI2132.jpg,JESSICA
DI2133.jpg,MEURIN
DI2134.jpg,MESSAL
DI2135.jpg,MEHEUT
DI2136.jpg,BLANCHONG
DI2137.jpg,ROMARIC
DI2138.jpg,SYLVAIN
DI2139.jpg,JONATHAN
DI2140.jpg,RUBEN
DI2141.jpg,QUENTIN
DI2142.jpg,CHARLES
DI2143.jpg,KYLIAN
DI2144.jpg,NICOLAS
DI2145.jpg,NOAM
DI2146.jpg,LERIGAB
DI2147.jpg,AMINATA
DI2148.jpg,BIELER
DI2149.jpg,SOERENSES
DI2150.jpg,EDGARD
DI2151.jpg,BOUCHARD
DI2152.jpg,MOHAMED
DI2153.jpg,GALLET
DI2154.jpg,ADRIEN
DI2155.jpg,AMBRE
DI2156.jpg,DIDAULT DE VILLIER
DI2157.jpg,BLANC
DI2158.jpg,ANNE-LISE
DI2159.jpg,THOMAS
DI2160.jpg,MATHYS
DI2161.jpg,ANTOINE
DI2162.jpg,CUENOT
DI2163.jpg,BRISSON
DI2164.jpg,MAXIME
DI2165.jpg,ROUAULT
DI2166.jpg,MATHILDE
DI2167.jpg,ANDREANI
DI2168.jpg,RAMONT
DI2169.jpg,AMANDINE
DI2170.jpg,REOJDAL
DI2171.jpg,MATHILDE
DI2172.jpg,BOUTE
DI2173.jpg,MONNIER
DI2174.jpg,KAIS
DI2175.jpg,IRIS
DI2176.jpg,COSTARD
DI2177.jpg,MATHYS
DI2178.jpg,JAEGER
DI2179.jpg,AMELIE
DI2180.jpg,KLIEBER
DI2181.jpg,PEIO
DI2182.jpg,EMRIS
DI2183.jpg,CHRISTOPHE
DI2184.jpg,ANTONIN
DI2185.jpg,TISSERAND
DI2186.jpg,KOUAM KAMGA
DI2187.jpg,LOLA
DI2188.jpg,KORENTIN
DI2189.jpg,ZINCK
DI2190.jpg,LISEA
DI2191.jpg,ALEXANDRE
DI2192.jpg,VINCENT
DI2193.jpg,ADEL
DI2194.jpg,LAFFAILLE
DI2195.jpg,FLORE
DI2196.jpg,LUSSANDRE
DI2197.jpg,MAISON
DI2198.jpg,SOILIHI
DI2199.jpg,ROLLAND
DI2200.jpg,LECOQ
DI2201.jpg,PARENT
DI2202.jpg,SOFIA
DI2203.jpg,DELMOTTE
DI2204.jpg,LOEIZ
DI2205.jpg,BUREAU
DI2206.jpg,GOOTY
DI2207.jpg,ILHAN
DI2208.jpg,ZOE
DI2209.jpg,KEMIL
DI2210.jpg,MAEVA
DI2211.jpg,RAFAEL
DI2212.jpg,YANNIS
DI2213.jpg,PAUL
DI2214.jpg,GIARDI
DI2215.jpg,MANEL
DI2216.jpg,LOUNGAR
DI2217.jpg,SAUNIER
DI2218.jpg,LOLA
DI2219.jpg,MAXIME
DI2220.jpg,MATTHIAS
DI2221.jpg,PIERRE
DI2222.jpg,KENAN
DI2223.jpg,LEDO
DI2224.jpg,BOUMEDMED
DI2225.jpg,AITOUKHARRAZ
DI2226.jpg,LEMMEL
DI2227.jpg,OSEMEKE
DI2228.jpg,CHOUTEAU
DI2229.jpg,NERIMEN
DI2230.jpg,KHAMSANE
DI2231.jpg,GARLONN
DI2232.jpg,DOMERGUE
DI2233.jpg,BOUZOURENE
DI2234.jpg,ELISA
DI2235.jpg,WARREN
DI2236.jpg,CHOUCHANG
DI2237.jpg,CLOTHILDE
DI2238.jpg,ILIAS
DI2239.jpg,LOAN
DI2240.jpg,ISABELLA
DI2241.jpg,MORGANE
DI2242.jpg,MAROT
DI2243.jpg,BOMY
DI2244.jpg,LACAZE
DI2245.jpg,CALUGARU
DI2246.jpg,LISA
DI2247.jpg,PASSELANDE
DI2248.jpg,ERINE
DI2249.jpg,AROUSSI
DI2250.jpg,GOLHEN
DI2251.jpg,SIMON
DI2252.jpg,EDOUARD
DI2253.jpg,LENARD DUNSTAN
DI2254.jpg,MARTIN
DI2255.jpg,LOUSSINE
DI2256.jpg,LEBORRE
DI2257.jpg,CLEMENT
DI2258.jpg,LAURA
DI2259.jpg,LILOU
DI2260.jpg,MAEVE
DI2261.jpg,CANDICE
DI2262.jpg,MAILLARD
DI2263.jpg,TREBEAU
DI2264.jpg,ENZO
DI2265.jpg,GUEDON
DI2266.jpg,DOLLEY
DI2267.jpg,HUKANOVIC
DI2268.jpg,NOLAN
DI2269.jpg,BROS
DI2270.jpg,POUGET
DI2271.jpg,ANNA
DI2272.jpg,ANOUK
DI2273.jpg,RAPHAEL
DI2274.jpg,BOURGET
DI2275.jpg,YSAURE
DI2276.jpg,ARSENE
DI2277.jpg,THGO
DI2278.jpg,NAELYS
DI2279.jpg,DENFOUR
DI2280.jpg,THOMAS
DI2281.jpg,LUKA
DI2282.jpg,ROBINSON
DI2283.jpg,LEGENDRE
DI2284.jpg,LANGELOT
DI2285.jpg,BRENTI
DI2286.jpg,MONTAGNE
DI2287.jpg,POUILLON
DI2288.jpg,JULIETTE
DI2289.jpg,FLAVIEN
DI2290.jpg,CHARLES
DI2291.jpg,HEDOUIN
DI2292.jpg,PHYBIS
DI2293.jpg,DUHAUT
DI2294.jpg,KILLIAN
DI2295.jpg,IBRAHIM
DI2296.jpg,ACCES
DI2297.jpg,GARNIER
DI2298.jpg,DESCARPENTRIES
DI2299.jpg,LOUIS
DI2300.jpg,MOURET
DI2301.jpg,COUET
DI2302.jpg,JOCELYN
DI2303.jpg,LASSELLE
DI2304.jpg,LEA
DI2305.jpg,LUCIE
DI2306.jpg,NINO
DI2307.jpg,JULIETTE
DI2308.jpg,CISSE
DI2309.jpg,DELPLACE
DI2310.jpg,CLERC
DI2311.jpg,TORSET
DI2312.jpg,DANG
DI2313.jpg,CLEMENTINE
DI2314.jpg,KYLIAN
DI2315.jpg,DEBRET
DI2316.jpg,JULES
DI2317.jpg,MASURE
DI2318.jpg,ROSEMOND
DI2319.jpg,LENA
DI2320.jpg,SAULI
DI2321.jpg,CORREIAMARTINS
DI2322.jpg,FABIEN
DI2323.jpg,MANON
DI2324.jpg,LUC
DI2325.jpg,HADDAR
DI2326.jpg,AIMAL
DI2327.jpg,FENNARD
DI2328.jpg,EMPTY
DI2329.jpg,CAMILLE
DI2330.jpg,BIZARD
DI2331.jpg,LEA
DI2332.jpg,PLANCHET
DI2333.jpg,SALLE
DI2334.jpg,MARIE
DI2335.jpg,FLORIS
DI2336.jpg,JONIOT
DI2337.jpg,HADDAR
DI2338.jpg,ANTOINE
DI2339.jpg,STAVROS
DI2340.jpg,ARMAN
DI2341.jpg,MAEL
DI2342.jpg,DEBARD
DI2343.jpg,ORMANCEY
DI2344.jpg,GUENOLE
DI2345.jpg,LAURA
DI2346.jpg,NINA
DI2347.jpg,STANISLAS
DI2348.jpg,DESBORDE
DI2349.jpg,ANTOINE
DI2350.jpg,BILALA
DI2351.jpg,AMEDRO
DI2352.jpg,OTIS
DI2353.jpg,ROMAIN
DI2354.jpg,CALVEYRAC
DI2355.jpg,ZINA
DI2356.jpg,SADOUN
DI2357.jpg,DOUZOUER
DI2358.jpg,MAXENCE
DI2359.jpg,SOLENE
DI2360.jpg,MERCERE
DI2361.jpg,HARANT
DI2362.jpg,GAFIR
DI2363.jpg,AYMERIC
DI2364.jpg,GOSSEAUME
DI2365.jpg,JULIEN
DI2366.jpg,BONNAVAND
DI2367.jpg,MATTHYS
DI2368.jpg,GARCIA-HECQ
DI2369.jpg,POULAIN
DI2370.jpg,JEAN - RAIMOND
DI2371.jpg,ALLEMAND
DI2372.jpg,MARIE
DI2373.jpg,CHAMPY
DI2374.jpg,GUITARD
DI2375.jpg,MAHAUT
DI2376.jpg,CELESTINE
DI2377.jpg,ARDEL
DI2378.jpg,PIEDEL
DI2379.jpg,TOECHE
DI2380.jpg,COLLIGNON
DI2381.jpg,LOMEKO
DI2382.jpg,HAMON
DI2383.jpg,MASSINE
DI2384.jpg,TIMOTHE
DI2385.jpg,PINSAULT
DI2386.jpg,CALLIERE
DI2387.jpg,HENRY
DI2388.jpg,POIRIER
DI2389.jpg,MORISSEAU
DI2390.jpg,GUILHEM
DI2391.jpg,RUNEY
DI2392.jpg,BARRETO
DI2393.jpg,ZOE
DI2394.jpg,LAGRANCE
DI2395.jpg,DIATA
DI2396.jpg,KEIKO
DI2397.jpg,RAVACLEY
DI2398.jpg,ELIDOUNI
DI2399.jpg,IOURI
DI2400.jpg,REBOOP
DI2401.jpg,GARCIA
DI2402.jpg,DA SILVA
DI2403.jpg,ROMAIN
DI2404.jpg,BERTIN
DI2405.jpg,NEMO
DI2406.jpg,MICKAEL
DI2407.jpg,DRECOURT
DI2408.jpg,LEMAZURIER
DI2409.jpg,LINA
DI2410.jpg,JORGIA
DI2411.jpg,JEREMY
DI2412.jpg,QUENTIN
DI2413.jpg,JOHANNA
DI2414.jpg,TRISTAM
DI2415.jpg,MAHAULT
DI2416.jpg,NAWEL
DI2417.jpg,LOVIS
DI2418.jpg,NEFTAH EL KHAIR
DI2419.jpg,ARTHUR
DI2420.jpg,LEBERRE
DI2421.jpg,QUELLEC
DI2422.jpg,PEPE
DI2423.jpg,CHEKHAB
DI2424.jpg,INENE
DI2425.jpg,NANSA
DI2426.jpg,FANTINE
DI2427.jpg,CONSTANT
DI2428.jpg,CORDIER
DI2429.jpg,LINDER
DI2430.jpg,NATALIA
DI2431.jpg,MOITIE
DI2432.jpg,MERLIN
DI2433.jpg,MAELYS
DI2434.jpg,PELLETIER
DI2435.jpg,SULLY
DI2436.jpg,COUESNON
DI2437.jpg,ALICE
DI2438.jpg,TSIKA
DI2439.jpg,DELEPOULLE
DI2440.jpg,OGNANGO
DI2441.jpg,NOE
DI2442.jpg,GRANDGENEVRE
DI2443.jpg,FOUED
DI2444.jpg,VICTOIRE
DI2445.jpg,FERRE
DI2446.jpg,SIRAR
DI2447.jpg,KHUMBI VANGU
DI2448.jpg,COULAUD
DI2449.jpg,ESTEBAN
DI2450.jpg,VALENTIN
DI2451.jpg,ISAK
DI2452.jpg,JEAN PATRICK
DI2453.jpg,LEILA
DI2454.jpg,PHILIPPI
DI2455.jpg,DROUIN
DI2456.jpg,WISHAN
DI2457.jpg,JANZEM
DI2458.jpg,CAYALIE
DI2459.jpg,ANAELLE
DI2460.jpg,ROULEAU
DI2461.jpg,ELLA
DI2462.jpg,SAMUEL
DI2463.jpg,BAPTISTE
DI2464.jpg,JEANNE
DI2465.jpg,MARCHAND
DI2466.jpg,MARGUERITE
DI2467.jpg,HUGO
DI2468.jpg,BELLAMY
DI2469.jpg,HARIE
DI2470.jpg,AZIZI
DI2471.jpg,ROLOINA
DI2472.jpg,LE HORVAN
DI2473.jpg,BENOIT
DI2474.jpg,ROCH
DI2475.jpg,PAULINE
DI2476.jpg,QUENTIN
DI2477.jpg,PIERRE
DI2478.jpg,ROBIN
DI2479.jpg,AMELSE
DI2480.jpg,ASYA
DI2481.jpg,DRILA
DI2482.jpg,POIREI
DI2483.jpg,MERLE
DI2484.jpg,JOSEPHINE
DI2485.jpg,JEANNE
DI2486.jpg,GIRARD
DI2487.jpg,YAMINA
DI2488.jpg,MILHAN
DI2489.jpg,ROSE
DI2490.jpg,AYA
DI2491.jpg,ADDAIOS
DI2492.jpg,THIBAULT
DI2493.jpg,BAPTISTE
DI2494.jpg,ADRIEN
DI2495.jpg,LUKA
DI2496.jpg,PIERRE MARSE
DI2497.jpg,MALEKY
DI2498.jpg,STLINHEIZ
DI2499.jpg,FAWZYA
DI2500.jpg,LOUIS-ANDRE
DI2501.jpg,LUDOVIE
DI2502.jpg,LIAM
DI2503.jpg,CAPUCIENE
DI2504.jpg,PERRIER
DI2505.jpg,MAIRE-AMIOT
DI2506.jpg,CHRISTIAN
DI2507.jpg,ILEANA
DI2508.jpg,DUMONT
DI2509.jpg,BUVRY
DI2510.jpg,YILDIZ
DI2511.jpg,JOSEPH
DI2512.jpg,ARTHUR
DI2513.jpg,VERITE
DI2514.jpg,INGRID
DI2515.jpg,RODRIGUES
DI2516.jpg,DEPREZ
DI2517.jpg,ROMANE
DI2518.jpg,STORELLI
DI2519.jpg,HELDER
DI2520.jpg,CARREZ
DI2521.jpg,NETTLER
DI2522.jpg,CHARVIER
DI2523.jpg,CAMILLE
DI2524.jpg,SILARBI
DI2525.jpg,LUNA
DI2526.jpg,PIGAULT
DI2527.jpg,ALAN
DI2528.jpg,CHARLOT
DI2529.jpg,TACCHINI
DI2530.jpg,HERNANDEZ
DI2531.jpg,VAUTRIA
DI2532.jpg,LUCILE
DI2533.jpg,NADIR
DI2534.jpg,SART
DI2535.jpg,EMPTY
DI2536.jpg,BAUDINIERE
DI2537.jpg,MYRIAM
DI2538.jpg,HUGO
DI2539.jpg,MULTEAU-MESPLE
DI2540.jpg,POIRIER
DI2541.jpg,GOUAVIL
DI2542.jpg,EMMA
DI2543.jpg,NOAH
DI2544.jpg,OLIVEIRACARDOSO
DI2545.jpg,PETPJEAN
DI2546.jpg,CALVEZ
DI2547.jpg,ZOE
DI2548.jpg,CHOCQ
DI2549.jpg,BASTIEN
DI2550.jpg,PESSLY
DI2551.jpg,TIZIANO
DI2552.jpg,SALAUN
DI2553.jpg,HELOISE
DI2554.jpg,JULIETTE
DI2555.jpg,BERNARD
DI2556.jpg,CAMILLE
DI2557.jpg,SALMON
DI2558.jpg,DUVAL
DI2559.jpg,AUDIGER
DI2560.jpg,PELLETIER
DI2561.jpg,LAURINNE
DI2562.jpg,CLEMENT
DI2563.jpg,DUBOIS
DI2564.jpg,MALO
DI2565.jpg,RACHEL
DI2566.jpg,GAUTHIER
DI2567.jpg,CEBOTARI
DI2568.jpg,DEPARDIEV
DI2569.jpg,MATTEO
DI2570.jpg,RAFATI
DI2571.jpg,BERKOUNE
DI2572.jpg,BOIZET
DI2573.jpg,MATTEI
DI2574.jpg,RIVIERE
DI2575.jpg,JULIE
DI2576.jpg,ESSEVAZ - ROVLET
DI2577.jpg,FEJZA
DI2578.jpg,ROMANE
DI2579.jpg,CATUSSE
DI2580.jpg,TROCHET
DI2581.jpg,ALEXANE
DI2582.jpg,GUILLAUME
DI2583.jpg,ANTOINE
DI2584.jpg,JEAN-CYPRIEN
DI2585.jpg,CHLOE
DI2586.jpg,HEANOGAN
DI2587.jpg,CHARBONNEL
DI2588.jpg,MARGAUX
DI2589.jpg,BREYSSE
DI2590.jpg,PEROUMALNAIKAR
DI2591.jpg,VENDANGE
DI2592.jpg,LAMAS
DI2593.jpg,ZESTROHAN
DI2594.jpg,GOUPILLEAU
DI2595.jpg,MAGALDI
DI2596.jpg,HERKEL
DI2597.jpg,BOKANALOKANA
DI2598.jpg,TIMOTHEE
DI2599.jpg,COLLET
DI2600.jpg,PIERRE
DI2601.jpg,VANACKER
DI2602.jpg,ALICE
DI2603.jpg,LOVEN
DI2604.jpg,VILLEDARY
DI2605.jpg,LEON
DI2606.jpg,0
DI2607.jpg,ALYA
DI2608.jpg,BECART
DI2609.jpg,BENOIT
DI2610.jpg,CLEMENT
DI2611.jpg,MEHDI
DI2612.jpg,MATTHIEU
DI2613.jpg,BONAMY
DI2614.jpg,KLAPKA
DI2615.jpg,CLARA
DI2616.jpg,LE GLAND
DI2617.jpg,BAPTISTE
DI2618.jpg,NDIAYE
DI2619.jpg,CLOUET
DI2620.jpg,MELISSA
DI2621.jpg,VANDAMME
DI2622.jpg,SALONE
DI2623.jpg,BRICOUT
DI2624.jpg,NOE
DI2625.jpg,ANRAH
DI2626.jpg,ANTONIN
DI2627.jpg,MATHEO
DI2628.jpg,COTTAIS
DI2629.jpg,MARIE-LAURE
DI2630.jpg,GREGORY
DI2631.jpg,PATEL
DI2632.jpg,CHIKRI
DI2633.jpg,LUCAS
DI2634.jpg,LAGADOU
DI2635.jpg,SIDONIE
DI2636.jpg,SAUSSEREAU
DI2637.jpg,ENZO
DI2638.jpg,CLOE
DI2639.jpg,CROSNIER
DI2640.jpg,CAMILLE
DI2641.jpg,ROLLAND
DI2642.jpg,SEVKET
DI2643.jpg,LAVIE
DI2644.jpg,SANTACRUZ
DI2645.jpg,RECOUVREUR
DI2646.jpg,LORIANE
DI2647.jpg,DEZORME
DI2648.jpg,PREVOTEAU
DI2649.jpg,HELAINE
DI2650.jpg,BERTRARB
DI2651.jpg,NINA
DI2652.jpg,TATON
DI2653.jpg,ROSE
DI2654.jpg,YATTHILU
DI2655.jpg,ROMANE
DI2656.jpg,DJELLALI
DI2657.jpg,BEYELER
DI2658.jpg,MAZO
DI2659.jpg,CHERADI
DI2660.jpg,QUIGNARD-LEFEVRE
DI2661.jpg,CHARLOTTE
DI2662.jpg,MILLOT
DI2663.jpg,LUCIEN
DI2664.jpg,GUILLAUME
DI2665.jpg,CLARA
DI2666.jpg,SAFIA
DI2667.jpg,HUGO
DI2668.jpg,MACREL
DI2669.jpg,KONE
DI2670.jpg,EMILIE
DI2671.jpg,GRALL
DI2672.jpg,TAAM
DI2673.jpg,LEMAN
DI2674.jpg,BAPTISTE
DI2675.jpg,CAUMONT
DI2676.jpg,CLARISSE
DI2677.jpg,FARAH
DI2678.jpg,ROMANE
DI2679.jpg,MANON
DI2680.jpg,ADRIEN
DI2681.jpg,MOURADI
DI2682.jpg,DESBRAUX
DI2683.jpg,KATHAED
DI2684.jpg,VIOLETTE
DI2685.jpg,CHARLY
DI2686.jpg,ENZO
DI2687.jpg,DUPORT
DI2688.jpg,NOLAN
DI2689.jpg,OLIVIER
DI2690.jpg,MAEVA
DI2691.jpg,MAHI
DI2692.jpg,MANI
DI2693.jpg,MALOU
DI2694.jpg,MULLER
DI2695.jpg,RAMY
DI2696.jpg,LEO
DI2697.jpg,AMELIE
DI2698.jpg,BLOND
DI2699.jpg,ROMY
DI2700.jpg,MAHIOUS
DI2701.jpg,VERRIER
DI2702.jpg,ANTOINE
DI2703.jpg,0
DI2704.jpg,SAILLANT
DI2705.jpg,POIRIER
DI2706.jpg,FLAVIE
DI2707.jpg,VICTOIRE
DI2708.jpg,THAMBIRASA
DI2709.jpg,NINA
DI2710.jpg,DAVID
DI2711.jpg,MARIE
DI2712.jpg,AUCLAIR
DI2713.jpg,CHEF
DI2714.jpg,VIDAL
DI2715.jpg,LEBLOND
DI2716.jpg,NOEMIE
DI2717.jpg,MOKRANI
DI2718.jpg,GICQUEL
DI2719.jpg,FLORENT
DI2720.jpg,VASSE
DI2721.jpg,SANTOS
DI2722.jpg,LUCY
DI2723.jpg,ANNE-LISE
DI2724.jpg,MATTEO
DI2725.jpg,PASSOS
DI2726.jpg,LANIES
DI2727.jpg,ELINE
DI2728.jpg,QUENTIN
DI2729.jpg,LELONG
DI2730.jpg,MOREAU
DI2731.jpg,EMELINE
DI2732.jpg,THIBAULT
DI2733.jpg,FLORIAN
DI2734.jpg,TIRMANT
DI2735.jpg,NICOLAS
DI2736.jpg,BICHERI
DI2737.jpg,BRAULT
DI2738.jpg,ARTUR
DI2739.jpg,ANCEMU
DI2740.jpg,ESCOF
DI2741.jpg,CELIA
DI2742.jpg,KANDIAH
DI2743.jpg,YOAN
DI2744.jpg,MITIR
DI2745.jpg,HENRY
DI2746.jpg,ESPADANEDO
DI2747.jpg,EMMA
DI2748.jpg,SIMONOT
DI2749.jpg,ANGIBAUO
DI2750.jpg,DANTHEZ
DI2751.jpg,EGLANTINE
DI2752.jpg,TIBERGHIEN
DI2753.jpg,ANIS
DI2754.jpg,BOUTIN
DI2755.jpg,DAVIANE
DI2756.jpg,AUDREY
DI2757.jpg,ZHOU
DI2758.jpg,BOULAMA
DI2759.jpg,COUREY
DI2760.jpg,AKWA
DI2761.jpg,OSTER
DI2762.jpg,GEMBERT
DI2763.jpg,LUCIE
DI2764.jpg,MONTAIGNE
DI2765.jpg,ANNE-AMELLE
DI2766.jpg,NOEMIE
DI2767.jpg,CALICE
DI2768.jpg,BLONDEL
DI2769.jpg,CURREY
DI2770.jpg,MANON
DI2771.jpg,SANTOIRE
DI2772.jpg,GHOMARI TANI
DI2773.jpg,DORIAN
DI2774.jpg,TRIQUET
DI2775.jpg,NANON
DI2776.jpg,ZIAN
DI2777.jpg,DEVISMES
DI2778.jpg,VIVIEN
DI2779.jpg,MERIGUET
DI2780.jpg,LEROY
DI2781.jpg,ANCONA
DI2782.jpg,LEGALLOIS
DI2783.jpg,HARGAUX
DI2784.jpg,LE MOIGNE
DI2785.jpg,CASTEIS
DI2786.jpg,CAMILLE
DI2787.jpg,MOUQUET
DI2788.jpg,BOXBERGER
DI2789.jpg,OCHANE
DI2790.jpg,ROLLAND
DI2791.jpg,GERHAIN
DI2792.jpg,DYLAN
DI2793.jpg,MELANIE
DI2794.jpg,GUILLET
DI2795.jpg,LORENZO
DI2796.jpg,KYLIAN
DI2797.jpg,PAUL - HENRI
DI2798.jpg,DUPUY
DI2799.jpg,AUGUSTIN
DI2800.jpg,SOREAU
DI2801.jpg,BENJAMIN
DI2802.jpg,CRISTOBAL
DI2803.jpg,HUBERT
DI2804.jpg,DEMARO
DI2805.jpg,VANNIER
DI2806.jpg,LE MENN
DI2807.jpg,SICARI
DI2808.jpg,NANE
DI2809.jpg,MATHIOT
DI2810.jpg,MARIE
DI2811.jpg,HAMOUCHE
DI2812.jpg,AGATHE
DI2813.jpg,ETHAN
DI2814.jpg,BOUCHAT
DI2815.jpg,CHLOE
DI2816.jpg,MONTEIRO
DI2817.jpg,PRIN
DI2818.jpg,MATHIAS
DI2819.jpg,EMMA
DI2820.jpg,DRUELLE
DI2821.jpg,BETTY
DI2822.jpg,THEO
DI2823.jpg,MOIRA
DI2824.jpg,PELTIER
DI2825.jpg,MERLET
DI2826.jpg,VALAT
DI2827.jpg,PIAZZA
DI2828.jpg,BARBIER
DI2829.jpg,ADRIEN
DI2830.jpg,ELODIE
DI2831.jpg,MARCHIO
DI2832.jpg,MANON
DI2833.jpg,SAM
DI2834.jpg,TRISTAN
DI2835.jpg,EMMA
DI2836.jpg,THEOTIM
DI2837.jpg,MATTHIAS
DI2838.jpg,BISSECK
DI2839.jpg,MEZRAG
DI2840.jpg,THOMAS
DI2841.jpg,ALEXANDRE
DI2842.jpg,NOUARA
DI2843.jpg,BONOIT
DI2844.jpg,MATHONNIERE
DI2845.jpg,ENZO
DI2846.jpg,ELRICK
DI2847.jpg,BLAUD
DI2848.jpg,ALEXIA
DI2849.jpg,HELOISE
DI2850.jpg,TEBBAKH
DI2851.jpg,CHELLE
DI2852.jpg,KOC
DI2853.jpg,EMA
DI2854.jpg,BOURSIN
DI2855.jpg,VAREILLES
DI2856.jpg,ROMEK
DI2857.jpg,SULLIVAN
DI2858.jpg,RAGUENES
DI2859.jpg,MADES
DI2860.jpg,HEMERY
DI2861.jpg,MARINE
DI2862.jpg,PAUL
DI2863.jpg,CHALOPIN
DI2864.jpg,CONSTANCE
DI2865.jpg,JULIAN
DI2866.jpg,VIKTOR
DI2867.jpg,RAFFAELLO
DI2868.jpg,GAEL
DI2869.jpg,SIMON
DI2870.jpg,EMMA
DI2871.jpg,ALYSSA
DI2872.jpg,LOUISE
DI2873.jpg,NYNON
DI2874.jpg,ALEXIS
DI2875.jpg,MAXENCE
DI2876.jpg,DITTE
DI2877.jpg,MENIO
DI2878.jpg,FAUCHET
DI2879.jpg,LAURINE
DI2880.jpg,HUGO
DI2881.jpg,GLADYS
DI2882.jpg,NICOLAS
DI2883.jpg,PERRINE
DI2884.jpg,CHATILLON
DI2885.jpg,GERARD
DI2886.jpg,LUCIE
DI2887.jpg,ELIOT
DI2888.jpg,LAGOUTE
DI2889.jpg,XAVIER
DI2890.jpg,DERADJI
DI2891.jpg,ANTOINE
DI2892.jpg,NELLIANA
DI2893.jpg,EDME
DI2894.jpg,THIBAUD
DI2895.jpg,BRIGNON
DI2896.jpg,NATHAN
DI2897.jpg,KAREN
DI2898.jpg,GILLES
DI2899.jpg,MATAFO
DI2900.jpg,MOREAU
DI2901.jpg,DJEARAM
DI2902.jpg,LLIDO
DI2903.jpg,DIMAYUGABARTHES
DI2904.jpg,DEALMEI DALOPES
DI2905.jpg,MONNEROT-DUMAINE
DI2906.jpg,REBELO
DI2907.jpg,THESSA
DI2908.jpg,SRUN
DI2909.jpg,LILOU
DI2910.jpg,CAMILLE
DI2911.jpg,MAXENCE
DI2912.jpg,HACHET
DI2913.jpg,MICHAUD-KADDAR
DI2914.jpg,ARBHOUI
DI2915.jpg,ROTHKEGEL
DI2916.jpg,TROXLER
DI2917.jpg,DION
DI2918.jpg,BASIPE
DI2919.jpg,VIPULAN ANTHPI
DI2920.jpg,OUSSENI
DI2921.jpg,VILHELM
DI2922.jpg,BOUALEN
DI2923.jpg,ARTHUR
DI2924.jpg,BIZIEN
DI2925.jpg,LILI
DI2926.jpg,ADAM
DI2927.jpg,D' ARLENT
DI2928.jpg,EMPTY
DI2929.jpg,CHAUVICR
DI2930.jpg,CHAROZE
DI2931.jpg,ANYA
DI2932.jpg,BOURMIS
DI2933.jpg,GRECO-BORDAGE
DI2934.jpg,NAIL CAN
DI2935.jpg,MAXIME
DI2936.jpg,MARLAUD
DI2937.jpg,VALENTIN
DI2938.jpg,JVARSHCISHVILI
DI2939.jpg,MAYA
DI2940.jpg,RICHARD
DI2941.jpg,VICTOR
DI2942.jpg,LAULET
DI2943.jpg,DE PAULA
DI2944.jpg,COLLET
DI2945.jpg,HUSEYIN
DI2946.jpg,BESLIN
DI2947.jpg,FIERUS
DI2948.jpg,SARAH
DI2949.jpg,HERNANDEZ
DI2950.jpg,FLOCH
DI2951.jpg,ETIENNE
DI2952.jpg,FANNY
DI2953.jpg,CLEMENT
DI2954.jpg,KARLA
DI2955.jpg,JEANNE
DI2956.jpg,COURAT
DI2957.jpg,ERVAN
DI2958.jpg,PASTRE
DI2959.jpg,GOIN
DI2960.jpg,CHAHUNEAU
DI2961.jpg,TOPA
DI2962.jpg,REVOL
DI2963.jpg,EMIE
DI2964.jpg,EMILIE
DI2965.jpg,RIALLAND
DI2966.jpg,MUSSET
DI2967.jpg,ANAE
DI2968.jpg,EMMA
DI2969.jpg,DOUY
DI2970.jpg,GAUMET
DI2971.jpg,HELOISE
DI2972.jpg,ETIENNE
DI2973.jpg,ALIY
DI2974.jpg,LEDOIT
DI2975.jpg,MANCINELLI
DI2976.jpg,VIGNET
DI2977.jpg,GLANEUX
DI2978.jpg,ABOUBACAR
DI2979.jpg,DIAMANTINE
DI2980.jpg,LABYLLE
DI2981.jpg,BRETIN
DI2982.jpg,VERDIN
DI2983.jpg,JUSTINE
DI2984.jpg,ALIXE
DI2985.jpg,PONSOT
DI2986.jpg,CELIAN
DI2987.jpg,ALEXANDRA
DI2988.jpg,BUTAVAND
DI2989.jpg,FLORIAN
DI2990.jpg,PONT
DI2991.jpg,OWEN
DI2992.jpg,GERBER
DI2993.jpg,WILHEMINE
DI2994.jpg,AGATHE
DI2995.jpg,HUGO
DI2996.jpg,CLAIRE
DI2997.jpg,TRUBLEREAU
DI2998.jpg,COLLYNE
DI2999.jpg,THEOPHANE
DI3000.jpg,OUMAR
DI3001.jpg,OUVRARD
DI3002.jpg,LEA
DI3003.jpg,VALENTIN
DI3004.jpg,HELOISE
DI3005.jpg,LYSE
DI3006.jpg,KILLIAN
DI3007.jpg,REKIK
DI3008.jpg,BAADACHE
DI3009.jpg,LUCIE
DI3010.jpg,FLORIAN
DI3011.jpg,HEIDI
DI3012.jpg,ELISABETH
DI3013.jpg,MATHIS
DI3014.jpg,NATHAN
DI3015.jpg,SOTIROPOUCOS
DI3016.jpg,AIMAD
DI3017.jpg,DE HENAU
DI3018.jpg,TALBERT
DI3019.jpg,LEOPOLO
DI3020.jpg,BACHELIER
DI3021.jpg,SOLENE
DI3022.jpg,JOUANNE
DI3023.jpg,PAUL
DI3024.jpg,REMY
DI3025.jpg,LAMBERT
DI3026.jpg,GWENOLE
DI3027.jpg,MEUNIER
DI3028.jpg,LELEU
DI3029.jpg,ROBERT
DI3030.jpg,ESNAUX
DI3031.jpg,TARANTE
DI3032.jpg,LASZLO
DI3033.jpg,GOUGET
DI3034.jpg,ESCOUFIER
DI3035.jpg,GWENDOLINE
DI3036.jpg,NDINGA
DI3037.jpg,PARENTEAU
DI3038.jpg,PAULO
DI3039.jpg,LEMAITRE
DI3040.jpg,HUGO
DI3041.jpg,MOEMBA
DI3042.jpg,ENZO
DI3043.jpg,ALEXIS
DI3044.jpg,QUERCY
DI3045.jpg,URRUTX-PARROUR
DI3046.jpg,JOHANN
DI3047.jpg,ZOE
DI3048.jpg,SARA
DI3049.jpg,TABETAOUL
DI3050.jpg,GAELLE
DI3051.jpg,VAROTEAUX
DI3052.jpg,CHARLY
DI3053.jpg,MAUD
DI3054.jpg,THEO
DI3055.jpg,ANGUNN
DI3056.jpg,MARJOLAINE
DI3057.jpg,JIANG
DI3058.jpg,LENNY
DI3059.jpg,TIFFANY
DI3060.jpg,COUTINHO DESA
DI3061.jpg,MOURAD
DI3062.jpg,HELOISE
DI3063.jpg,GUCRROUS
DI3064.jpg,RIAD
DI3065.jpg,LOANE
DI3066.jpg,JADE
DI3067.jpg,GARNIER
DI3068.jpg,CAPUCINE
DI3069.jpg,RAYAN
DI3070.jpg,GOURDIN
DI3071.jpg,EMMA
DI3072.jpg,TALBOT
DI3073.jpg,ALIZE
DI3074.jpg,AWENA
DI3075.jpg,RAIVIR
DI3076.jpg,KALOMBO
DI3077.jpg,HOT
DI3078.jpg,ALJEAIDAN
DI3079.jpg,GUEVARA
DI3080.jpg,ERWANN
DI3081.jpg,SAMSON
DI3082.jpg,GUILLAUNE
DI3083.jpg,MIESZCZAK
DI3084.jpg,THIBAULT
DI3085.jpg,JOBIN
DI3086.jpg,NOEMIE
DI3087.jpg,LIAN
DI3088.jpg,LEO
DI3089.jpg,JEAN
DI3090.jpg,PLANGON
DI3091.jpg,MARTIN
DI3092.jpg,MAXIME
DI3093.jpg,MAXINE
DI3094.jpg,KENZO
DI3095.jpg,HUGO
DI3096.jpg,LABY
DI3097.jpg,ANAIS
DI3098.jpg,FLORIAN
DI3099.jpg,BONILLO
DI3100.jpg,ELIOTT
DI3101.jpg,FERREIRA
DI3102.jpg,DE BALINCOURT
DI3103.jpg,BERNADETTE
DI3104.jpg,LONGUECANT
DI3105.jpg,RAYAN
DI3106.jpg,BEN HANSOUR
DI3107.jpg,JUSTINE
DI3108.jpg,SAMI
DI3109.jpg,JULIANE
DI3110.jpg,BACHY
DI3111.jpg,KERJEAN
DI3112.jpg,NOA
DI3113.jpg,SECHER
DI3114.jpg,GUILLAUD
DI3115.jpg,LENDRINO
DI3116.jpg,DOBRESCU BRUNEL
DI3117.jpg,THOMAS
DI3118.jpg,FATINE
DI3119.jpg,SIAN
DI3120.jpg,GARCIA
DI3121.jpg,JOLIVET
DI3122.jpg,LOUIS
DI3123.jpg,DE ZANGRONIZ
DI3124.jpg,BENJAMIN
DI3125.jpg,GUIBOUST
DI3126.jpg,NOUVION
DI3127.jpg,JULIA
DI3128.jpg,VICTOR
DI3129.jpg,DAUCHY GRIERE
DI3130.jpg,JADE
DI3131.jpg,JOHANNA
DI3132.jpg,CAROLINE
DI3133.jpg,JULIA
DI3134.jpg,GONTIER
DI3135.jpg,CHIRON
DI3136.jpg,TOULOUSE AUDOUIT
DI3137.jpg,MARTIN
DI3138.jpg,AUREILLE
DI3139.jpg,ROUILLE
DI3140.jpg,TALEB
DI3141.jpg,ROBIN
DI3142.jpg,NOVASSI
DI3143.jpg,STYRANEC
DI3144.jpg,RATEL
DI3145.jpg,MAELLE
DI3146.jpg,KHADDA
DI3147.jpg,MATHYS
DI3148.jpg,LISA MARIE
DI3149.jpg,MATTHEWS
DI3150.jpg,VIOLON
DI3151.jpg,PUIGMAL
DI3152.jpg,VANESSA
DI3153.jpg,STEVEN
DI3154.jpg,SOLENN
DI3155.jpg,VERNIN
DI3156.jpg,KABA-DAVID
DI3157.jpg,DEAREAU
DI3158.jpg,FEISTL
DI3159.jpg,ECHASSERIAU
DI3160.jpg,MASSINE
DI3161.jpg,DE KERESZTESSY
DI3162.jpg,SAMANTHA
DI3163.jpg,NYRIAN
DI3164.jpg,MOKHTAR
DI3165.jpg,AURELIEN
DI3166.jpg,SEBASTIEN
DI3167.jpg,ANTOINE
DI3168.jpg,PEDROSA
DI3169.jpg,HOULLE
DI3170.jpg,CLEMENCE
DI3171.jpg,OCEANE
DI3172.jpg,COHEN
DI3173.jpg,CEJOUR
DI3174.jpg,MATTHIAS
DI3175.jpg,DUMASANNERY
DI3176.jpg,VERONICA - JOSIAWE
DI3177.jpg,NATHAN
DI3178.jpg,PERNEL
DI3179.jpg,WARIS
DI3180.jpg,GUILHEM
DI3181.jpg,GWENN
DI3182.jpg,THUMEREL
DI3183.jpg,LILOU
DI3184.jpg,YOANN
DI3185.jpg,DEBBARH
DI3186.jpg,CAUBEL
DI3187.jpg,ROUBERTIE
DI3188.jpg,ZANGARA
DI3189.jpg,MATHIS
DI3190.jpg,AIME
DI3191.jpg,JOUAN
DI3192.jpg,MAELLYS
DI3193.jpg,DARONNE
DI3194.jpg,ORTUNO
DI3195.jpg,ENZO
DI3196.jpg,CUROVAC
DI3197.jpg,MELEZE
DI3198.jpg,CAMILLE
DI3199.jpg,JARZILLERE
DI3200.jpg,CHARLOTTE
DI3201.jpg,DE JAMES
DI3202.jpg,GALEOTTI
DI3203.jpg,VALENTINE
DI3204.jpg,QUEMPER
DI3205.jpg,CASSIANE
DI3206.jpg,SYLVIE
DI3207.jpg,EDORA
DI3208.jpg,NICOLAS
DI3209.jpg,THOMAS
DI3210.jpg,JOAO
DI3211.jpg,MARCELIN
DI3212.jpg,FAUSTINE
DI3213.jpg,YAVUZ
DI3214.jpg,LOGAN
DI3215.jpg,HOONAKKER
DI3216.jpg,ARNAISE
DI3217.jpg,ROBAIN
DI3218.jpg,KEVIN
DI3219.jpg,HEMAT
DI3220.jpg,BARRAS
DI3221.jpg,LASSERRE
DI3222.jpg,REICHIANN
DI3223.jpg,MORISSEAU
DI3224.jpg,CHLOE
DI3225.jpg,HENRIQUE
DI3226.jpg,DUHEM
DI3227.jpg,SULLIVAN
DI3228.jpg,LEMEMBRE
DI3229.jpg,BELLIARD - LALANNE
DI3230.jpg,INES
DI3231.jpg,MAILLARD
DI3232.jpg,ETIENNE
DI3233.jpg,PETITSS
DI3234.jpg,RYAN
DI3235.jpg,KHADY
DI3236.jpg,BOUDRAA
DI3237.jpg,MAETZ
DI3238.jpg,TONY
DI3239.jpg,DOUMBOUYA
DI3240.jpg,QUENTIN
DI3241.jpg,ENZO
DI3242.jpg,JADE
DI3243.jpg,SOLENE
DI3244.jpg,BCUAKIL
DI3245.jpg,MAEVA
DI3246.jpg,BOUKABOUS
DI3247.jpg,LETZ
DI3248.jpg,GUIGON
DI3249.jpg,AMELIE
DI3250.jpg,OCEANE
DI3251.jpg,COLOMER
DI3252.jpg,LANA
DI3253.jpg,FAIT
DI3254.jpg,MAXENCE
DI3255.jpg,BRICE
DI3256.jpg,NOVEIA
DI3257.jpg,LORIS
DI3258.jpg,LAURELINE
DI3259.jpg,PONTIEUX
DI3260.jpg,DORIAN
DI3261.jpg,MATHIS
DI3262.jpg,KELLER
DI3263.jpg,GEORGIEVA
DI3264.jpg,PLE
DI3265.jpg,MAELYS
DI3266.jpg,LYLOU
DI3267.jpg,LALAOUA
DI3268.jpg,BIELICZKY
DI3269.jpg,BENTAYEB
DI3270.jpg,DAMIEN
DI3271.jpg,LQATI
DI3272.jpg,ELODIE
DI3273.jpg,MEZINE
DI3274.jpg,LAFARGUE
DI3275.jpg,KLEIV
DI3276.jpg,AXEL
DI3277.jpg,PINTO
DI3278.jpg,PAJOT
DI3279.jpg,AVXENTIEV
DI3280.jpg,LOUIS
DI3281.jpg,WALOMI
DI3282.jpg,LEONIE
DI3283.jpg,SACHA PIERRE
DI3284.jpg,MEKRALPA
DI3285.jpg,RAPHAEL
DI3286.jpg,GUEDON
DI3287.jpg,KILLIAN
DI3288.jpg,TOM
DI3289.jpg,TURQUET-PELLERIN
DI3290.jpg,BENJAMIN
DI3291.jpg,MATHIEU
DI3292.jpg,LAPORTE
DI3293.jpg,HARTINEZ
DI3294.jpg,BERTRAND
DI3295.jpg,CELESTE
DI3296.jpg,PASCAL
DI3297.jpg,MONTAGNY
DI3298.jpg,AYA
DI3299.jpg,VIORORINE
DI3300.jpg,DERAIEN
DI3301.jpg,COLIN-MOURRE
DI3302.jpg,EMMA
DI3303.jpg,ITELPARMENTELOT
DI3304.jpg,MOMIER
DI3305.jpg,ELISE
DI3306.jpg,THOMAS
DI3307.jpg,HAJAR
DI3308.jpg,AN-PHUNG
DI3309.jpg,DOCEUL
DI3310.jpg,MATHILDE
DI3311.jpg,ARMAND
DI3312.jpg,NOE
DI3313.jpg,BASTIEN
DI3314.jpg,ELISA
DI3315.jpg,GHENDRIH
DI3316.jpg,KUBLER
DI3317.jpg,HUGO
DI3318.jpg,CAMILLE
DI3319.jpg,TISSERAND
DI3320.jpg,BRUYERE
DI3321.jpg,MARTIN JAGUT
DI3322.jpg,YANN
DI3323.jpg,NINA
DI3324.jpg,OPHELIE
DI3325.jpg,CLEMENTINE
DI3326.jpg,VALENTIN
DI3327.jpg,SOLENE
DI3328.jpg,CHARLES
DI3329.jpg,BRASSEUR
DI3330.jpg,GARDERA
DI3331.jpg,DUBUISSON
DI3332.jpg,JULIE
DI3333.jpg,LAJOIE
DI3334.jpg,HUETE
DI3335.jpg,SIXTINE
DI3336.jpg,AURORE
DI3337.jpg,FLORIAN
DI3338.jpg,ASDALI
DI3339.jpg,SENHADJ
DI3340.jpg,TUGDUAL
DI3341.jpg,MANON
DI3342.jpg,JADE
DI3343.jpg,THOMAS
DI3344.jpg,POURCHOT
DI3345.jpg,SAS
DI3346.jpg,CAMILLE
DI3347.jpg,DARCILLON
DI3348.jpg,ANTHONY
DI3349.jpg,MOHAMED
DI3350.jpg,FILLON
DI3351.jpg,DELLE DANANCHET
DI3352.jpg,EVA
DI3353.jpg,TARAVELLA
DI3354.jpg,BOISSIER
DI3355.jpg,QUENTIN
DI3356.jpg,TIMAHO
DI3357.jpg,ILAYDA
DI3358.jpg,MAYE
DI3359.jpg,OLIVIA
DI3360.jpg,GUILHEM
DI3361.jpg,LE SENECHAL
DI3362.jpg,WAREMBOURG
DI3363.jpg,CLARA
DI3364.jpg,CASARA
DI3365.jpg,BELLOCHE
DI3366.jpg,VALENTIN
DI3367.jpg,MARGOT
DI3368.jpg,EMILIE
DI3369.jpg,DAVID
DI3370.jpg,IDRISS
DI3371.jpg,EVGILLI
DI3372.jpg,BOULAY
DI3373.jpg,AXELLE
DI3374.jpg,HEIDI
DI3375.jpg,LEFOULON
DI3376.jpg,MARCHAL-ODE
DI3377.jpg,MAXENCE
DI3378.jpg,BONHOMME
DI3379.jpg,BLAIN
DI3380.jpg,TIFFANI
DI3381.jpg,DUCELLIER
DI3382.jpg,HESNOI
DI3383.jpg,BAPTISTE
DI3384.jpg,LUCAS
DI3385.jpg,BAPTISTE
DI3386.jpg,AURELIEN
DI3387.jpg,ISTABREX
DI3388.jpg,SALZARD
DI3389.jpg,JULES
DI3390.jpg,GAIARDO
DI3391.jpg,ANAIS
DI3392.jpg,MALMOMME
DI3393.jpg,DANGER-PRIETO
DI3394.jpg,SECOZ
DI3395.jpg,LARAVOIRE
DI3396.jpg,BALAZOT
DI3397.jpg,BEAURAIN CIEKOT
DI3398.jpg,SOPHIA
DI3399.jpg,FAUSTINE
DI3400.jpg,HELOISE
DI3401.jpg,JULIO
DI3402.jpg,LE DIZES
DI3403.jpg,MATHA
DI3404.jpg,NGUYEN
DI3405.jpg,PIERRE MARIE
DI3406.jpg,CLEMENT
DI3407.jpg,GRASSIN
DI3408.jpg,DUPORTAIL
DI3409.jpg,DE CARVALHO
DI3410.jpg,DOMITILLE
DI3411.jpg,PLONGERE
DI3412.jpg,MARIE
DI3413.jpg,OUICHA
DI3414.jpg,DORNEIL
DI3415.jpg,BENJAMIN
DI3416.jpg,VANDOMME
DI3417.jpg,VAN HOLL EBEKE
DI3418.jpg,CALVO
DI3419.jpg,AYIVON
DI3420.jpg,ABADOU
DI3421.jpg,LAURA
DI3422.jpg,MAEL
DI3423.jpg,JULIEN
DI3424.jpg,THAONHT
DI3425.jpg,LEZIN
DI3426.jpg,ZOE
DI3427.jpg,OCEANE
DI3428.jpg,ZAHNIT
DI3429.jpg,EVE
DI3430.jpg,INNOCENTI
DI3431.jpg,FLAMENT
DI3432.jpg,KERURIEN CHATTER
DI3433.jpg,DEPREZ
DI3434.jpg,QUENTIN
DI3435.jpg,HEIDINGER-HOSER
DI3436.jpg,SAUVETERRE
DI3437.jpg,STEFFEN
DI3438.jpg,LE GUELVOUIT
DI3439.jpg,KEVIN
DI3440.jpg,ELEONORE
DI3441.jpg,HERISSI
DI3442.jpg,TUCCIO - LOUIS
DI3443.jpg,BLANCHET
DI3444.jpg,LEA
DI3445.jpg,ALEXANDRE
DI3446.jpg,DAUGE
DI3447.jpg,BOUVET
DI3448.jpg,CAMILLE
DI3449.jpg,LOAN
DI3450.jpg,MBANGWE BIAYA
DI3451.jpg,SORIANO
DI3452.jpg,ROCHE
DI3453.jpg,SACH
DI3454.jpg,DECRAND
DI3455.jpg,CAPITAINE
DI3456.jpg,VALENTIN
DI3457.jpg,AMIOT
DI3458.jpg,ROESCH
DI3459.jpg,MATHIS
DI3460.jpg,BELAKHDAR
DI3461.jpg,ELIAS
DI3462.jpg,MATTLER
DI3463.jpg,DIGREGORIO
DI3464.jpg,BESSON
DI3465.jpg,TIFANY
DI3466.jpg,RAYAN
DI3467.jpg,MATHYS
DI3468.jpg,CHALOCHET
DI3469.jpg,CHHOUR
DI3470.jpg,HENRY
DI3471.jpg,BAUDOUIN
DI3472.jpg,JULINE
DI3473.jpg,MARTINIERE
DI3474.jpg,DAQUIN
DI3475.jpg,NONTAGNE
DI3476.jpg,GOMES
DI3477.jpg,YEGHIAZARIAN
DI3478.jpg,MATTEO
DI3479.jpg,THIBAUT
DI3480.jpg,JENNIFER
DI3481.jpg,HUMBERT
DI3482.jpg,BONINE
DI3483.jpg,MEHAUT
DI3484.jpg,PEPIN
DI3485.jpg,CLOTHILDE
DI3486.jpg,TESSIER
DI3487.jpg,ALEX
DI3488.jpg,GEOFFROY
DI3489.jpg,PARDO
DI3490.jpg,SASHA
DI3491.jpg,PIRONNET
DI3492.jpg,MILENE
DI3493.jpg,BONDU
DI3494.jpg,EVANGELYNE
DI3495.jpg,TRYSTAN
DI3496.jpg,BUSIN
DI3497.jpg,LOANN
DI3498.jpg,BROCHADO
DI3499.jpg,MOLTEAU
DI3500.jpg,JOURDAIN
DI3501.jpg,PIERO
DI3502.jpg,YVAN
DI3503.jpg,VERNHET
DI3504.jpg,MORGANE
DI3505.jpg,DOUNIA
DI3506.jpg,LOLA
DI3507.jpg,DOREAU
DI3508.jpg,BON
DI3509.jpg,ZERYAA
DI3510.jpg,CELESTINE
DI3511.jpg,MOUILLARD
DI3512.jpg,CLEMENCE
DI3513.jpg,FERRY
DI3514.jpg,THOMAS
DI3515.jpg,CIOLEK - - FIMBEL
DI3516.jpg,NOLANN
DI3517.jpg,DAI
DI3518.jpg,KNOLL-BAJOLLE
DI3519.jpg,CEORIC
DI3520.jpg,JADE
DI3521.jpg,TIMEO
DI3522.jpg,SALOHE
DI3523.jpg,TITOUAN
DI3524.jpg,GUINET
DI3525.jpg,ALEXANDRE
DI3526.jpg,MYRIAM
DI3527.jpg,LEANE
DI3528.jpg,SAIDI
DI3529.jpg,HOURRI
DI3530.jpg,COTREX
DI3531.jpg,TIMOTHE
DI3532.jpg,AMIR
DI3533.jpg,HERVE
DI3534.jpg,GUELOU LE  COZ
DI3535.jpg,POLI
DI3536.jpg,GRANGIER
DI3537.jpg,LISA
DI3538.jpg,BRANCO
DI3539.jpg,AMIAUX
DI3540.jpg,MATTEO
DI3541.jpg,BLOEMEN
DI3542.jpg,DE - VALROGER
DI3543.jpg,NOE
DI3544.jpg,EDYNN
DI3545.jpg,MANON
DI3546.jpg,CONSTANCE
DI3547.jpg,LAUBRY
DI3548.jpg,AUDREY
DI3549.jpg,PEYRELONG
DI3550.jpg,CAPONY
DI3551.jpg,JEHAN
DI3552.jpg,ILIAS
DI3553.jpg,BERENICE
DI3554.jpg,NICKIEL
DI3555.jpg,BERNARD
DI3556.jpg,VIEIRA
DI3557.jpg,REYNAULT
DI3558.jpg,FELIX
DI3559.jpg,CHLOE
DI3560.jpg,CELOS
DI3561.jpg,MATHIEU
DI3562.jpg,BUTLER
DI3563.jpg,EMILIEN
DI3564.jpg,LE GAL
DI3565.jpg,LEGRAND
DI3566.jpg,JULIETTE
DI3567.jpg,EMELINE
DI3568.jpg,GUILLAUME
DI3569.jpg,RAUD
DI3570.jpg,CHARLES
DI3571.jpg,CORNEVIN
DI3572.jpg,BOYEM
DI3573.jpg,OBLEITE
DI3574.jpg,SIMARD
DI3575.jpg,ELKORCHI
DI3576.jpg,BAYEUX
DI3577.jpg,PASTEL
DI3578.jpg,LUCIE
DI3579.jpg,MALEK
DI3580.jpg,COUTELLIER
DI3581.jpg,MORLET
DI3582.jpg,DUCHEMIN
DI3583.jpg,YANN
DI3584.jpg,TOMAS
DI3585.jpg,EMMA
DI3586.jpg,JAMHOURI
DI3587.jpg,CHEKAKFI
DI3588.jpg,GEMIMA
DI3589.jpg,LANA
DI3590.jpg,GUILHERMET
DI3591.jpg,ANAELLE
DI3592.jpg,LECHANTOUX
DI3593.jpg,EMPTY
DI3594.jpg,MARTIN
DI3595.jpg,PIERRE
DI3596.jpg,FOURCAUD
DI3597.jpg,GALANT
DI3598.jpg,CLOVIS
DI3599.jpg,MATTHIEN
DI3600.jpg,HARDY
DI3601.jpg,ALRIC
DI3602.jpg,MICHELIS
DI3603.jpg,LAENNEC
DI3604.jpg,JOFFREY
DI3605.jpg,LIZZIE
DI3606.jpg,DUVIVIER
DI3607.jpg,LILIAN
DI3608.jpg,MEKRABECH
DI3609.jpg,AGATHE
DI3610.jpg,BOUTCHICHE
DI3611.jpg,GAYE
DI3612.jpg,BOUTON
DI3613.jpg,DESHAYES
DI3614.jpg,BOUANANI
DI3615.jpg,BOISSENINGRANDJEAN
DI3616.jpg,LENNY
DI3617.jpg,SALVAT
DI3618.jpg,KHANOUCH
DI3619.jpg,ROHANE
DI3620.jpg,EMMA
DI3621.jpg,SACHA
DI3622.jpg,THOMAS
DI3623.jpg,SERVANE
DI3624.jpg,TOM
DI3625.jpg,ESTEVES
DI3626.jpg,INNA-LYNN
DI3627.jpg,SILVA
DI3628.jpg,BOUTOILLE
DI3629.jpg,STEPHAN
DI3630.jpg,FELIX
DI3631.jpg,GILLIER
DI3632.jpg,CAMUS
DI3633.jpg,KOCHALSKI
DI3634.jpg,ILONA
DI3635.jpg,BOURGEOIS
DI3636.jpg,VALENTIN
DI3637.jpg,TINA
DI3638.jpg,LACOUR
DI3639.jpg,BENKEROUN
DI3640.jpg,EHRSAM THOMAS
DI3641.jpg,MAXENCE
DI3642.jpg,BARILLOT
DI3643.jpg,ARTHUR
DI3644.jpg,MARION
DI3645.jpg,LOQUAIS
DI3646.jpg,SIBYL
DI3647.jpg,BEATRIX
DI3648.jpg,RERRAHMA
DI3649.jpg,TOM
DI3650.jpg,LAFRANC
DI3651.jpg,FASSIAUX
DI3652.jpg,WILLIAN
DI3653.jpg,PCRRIDE
DI3654.jpg,HENRYON
DI3655.jpg,DECOTTE
DI3656.jpg,BALLARD
DI3657.jpg,CHAMPETIER
DI3658.jpg,COSNEAU
DI3659.jpg,EMMANUELLE
DI3660.jpg,MATHYS
DI3661.jpg,ALENDROIT
DI3662.jpg,OMBELINE
DI3663.jpg,ALEXIS
DI3664.jpg,ZAMPAGLIONE
DI3665.jpg,TOURNIE
DI3666.jpg,ROMAIN
DI3667.jpg,LEO
DI3668.jpg,BLANC
DI3669.jpg,LINCY
DI3670.jpg,QUENTIN
DI3671.jpg,VARACHE
DI3672.jpg,LAFAILLE
DI3673.jpg,TIE BI
DI3674.jpg,ANTONIN
DI3675.jpg,NAIDJI
DI3676.jpg,TOMASSONE
DI3677.jpg,ESTHER
DI3678.jpg,LENATS
DI3679.jpg,CHLOE
DI3680.jpg,ASSIA
DI3681.jpg,ZOE
DI3682.jpg,GAEL
DI3683.jpg,GALOT
DI3684.jpg,BORTOS
DI3685.jpg,TOM
DI3686.jpg,EDOUARD
DI3687.jpg,ABDELLAOUI
DI3688.jpg,SAMUEL
DI3689.jpg,ENGUERRAND
DI3690.jpg,TYFENN
DI3691.jpg,AKGUL
DI3692.jpg,0
DI3693.jpg,MARIN
DI3694.jpg,MIAILHE
DI3695.jpg,MARIE-EVE
DI3696.jpg,VICTOR
DI3697.jpg,EMPTY
DI3698.jpg,DONOVAN
DI3699.jpg,VANNI
DI3700.jpg,EMERIC
DI3701.jpg,FERRE
DI3702.jpg,ANNABELLE
DI3703.jpg,TO KANNOU
DI3704.jpg,WASSIODA
DI3705.jpg,ALEXANDRE
DI3706.jpg,JOLY
DI3707.jpg,COLIN
DI3708.jpg,VILLESSECHE
DI3709.jpg,BRETON
DI3710.jpg,BARC
DI3711.jpg,BOISLEVE
DI3712.jpg,ELEONORE
DI3713.jpg,WAFELLMAN
DI3714.jpg,CLOUIS
DI3715.jpg,CATELAIN
DI3716.jpg,BOSSIS
DI3717.jpg,HECTOR
DI3718.jpg,ALI
DI3719.jpg,JULES
DI3720.jpg,ENZO
DI3721.jpg,PLACE
DI3722.jpg,JULIE
DI3723.jpg,BOUYRAT
DI3724.jpg,ALLAIRE
DI3725.jpg,GALLION
DI3726.jpg,BENOIT
DI3727.jpg,LOU
DI3728.jpg,HALET
DI3729.jpg,CLEMENT
DI3730.jpg,BASTIEN
DI3731.jpg,GOUESSE
DI3732.jpg,VALENTIN
DI3733.jpg,CHAURET
DI3734.jpg,OLIVIER
DI3735.jpg,CROS
DI3736.jpg,TAO
DI3737.jpg,THEO
DI3738.jpg,THEO
DI3739.jpg,OTMANI
DI3740.jpg,NEUVL LGLISL
DI3741.jpg,YAFFA
DI3742.jpg,THOMAS
DI3743.jpg,BROCHARD
DI3744.jpg,HEREN
DI3745.jpg,PAUL
DI3746.jpg,HUGO
DI3747.jpg,MAULINE
DI3748.jpg,SELEMA
DI3749.jpg,ANGELINA
DI3750.jpg,MOUSSA
DI3751.jpg,GUEMENE
DI3752.jpg,LORENZO
DI3753.jpg,LAMARA
DI3754.jpg,SOUBELET
DI3755.jpg,POCHERON
DI3756.jpg,JULIEN
DI3757.jpg,SIFEN
DI3758.jpg,BOUCHERIE
DI3759.jpg,VODABLE
DI3760.jpg,TULLOUE
DI3761.jpg,NOLHAN
DI3762.jpg,MILLET
DI3763.jpg,VECENTE
DI3764.jpg,BACELOS
DI3765.jpg,OLIVIER
DI3766.jpg,LAGARDE
DI3767.jpg,HUGO
DI3768.jpg,THOMAS
DI3769.jpg,AMAURY
DI3770.jpg,HARINE
DI3771.jpg,QUESNOIT
DI3772.jpg,CLEMENT
DI3773.jpg,LARA
DI3774.jpg,BASTIEN
DI3775.jpg,DUTERTE
DI3776.jpg,GOURIOU
DI3777.jpg,ANOE
DI3778.jpg,BALKAN
DI3779.jpg,LUZI
DI3780.jpg,CLEMENTINE
DI3781.jpg,ELISE
DI3782.jpg,TOM
DI3783.jpg,M RABET
DI3784.jpg,CORALIE
DI3785.jpg,GABRIEL
DI3786.jpg,VALENTIN
DI3787.jpg,BAYART
DI3788.jpg,LUC
DI3789.jpg,JASMINE
DI3790.jpg,ELISE
DI3791.jpg,ALANA
DI3792.jpg,GAUGAIN
DI3793.jpg,PACOME
DI3794.jpg,BAPTISTE
DI3795.jpg,GERIN
DI3796.jpg,SALSILLI
DI3797.jpg,MONPABORD
DI3798.jpg,LALUCQUE
DI3799.jpg,BOULAY
DI3800.jpg,GABARD
DI3801.jpg,JANI
DI3802.jpg,AVENEL
DI3803.jpg,RANGE
DI3804.jpg,HAFSA
DI3805.jpg,AURELIEN
DI3806.jpg,HISLEN
DI3807.jpg,DIDIER
DI3808.jpg,MILENE
DI3809.jpg,TIMOTHE
DI3810.jpg,ALBIN
DI3811.jpg,RAYAN
DI3812.jpg,KAMIL
DI3813.jpg,MARGAUX
DI3814.jpg,AELA
DI3815.jpg,SIMON
DI3816.jpg,JOCELIN
DI3817.jpg,MARGOT
DI3818.jpg,BITSCHY-BERTAND
DI3819.jpg,LE CALVEZ
DI3820.jpg,QUENTIN
DI3821.jpg,BENYETTOU-LEBLOND
DI3822.jpg,ANA
DI3823.jpg,THEVENOT
DI3824.jpg,MATHILDE
DI3825.jpg,VALENTINE
DI3826.jpg,LEO
DI3827.jpg,LE BEUX
DI3828.jpg,DAMY
DI3829.jpg,PAYKHAEV
DI3830.jpg,DA SILVA
DI3831.jpg,MESLET
DI3832.jpg,TAARABIT
DI3833.jpg,BRUNA
DI3834.jpg,ARRAYET
DI3835.jpg,PUMA
DI3836.jpg,TRAN DUC
DI3837.jpg,ALEXANDRE
DI3838.jpg,HANON
DI3839.jpg,DAVID
DI3840.jpg,NADJARIAN
DI3841.jpg,FRO
DI3842.jpg,CAZABANT
DI3843.jpg,ACEMELIA
DI3844.jpg,BENOIT
DI3845.jpg,FABIEN
DI3846.jpg,SHAKIR
DI3847.jpg,BOUSSIN
DI3848.jpg,CHLOE
DI3849.jpg,M'MADI
DI3850.jpg,MAEL
DI3851.jpg,TYMOTHE
DI3852.jpg,ABDELAAL
DI3853.jpg,REMY
DI3854.jpg,HAREL
DI3855.jpg,JEANNE
DI3856.jpg,VERSEUX
DI3857.jpg,ANIS
DI3858.jpg,AISSA
DI3859.jpg,FUYNEL
DI3860.jpg,POUILLE
DI3861.jpg,FLAVIAN
DI3862.jpg,DARRAS
DI3863.jpg,KOMODZINSKI
DI3864.jpg,BAPTISTE
DI3865.jpg,MARECHAL
DI3866.jpg,LESCURE
DI3867.jpg,THOMAS
DI3868.jpg,FLIA
DI3869.jpg,ALEXANDRE
DI3870.jpg,SOFIQ
DI3871.jpg,MOREAU
DI3872.jpg,CHABOCHE
DI3873.jpg,VICTOR
DI3874.jpg,LUCIENNE
DI3875.jpg,INES
DI3876.jpg,SALLE
DI3877.jpg,OLIVIA
DI3878.jpg,ROMANE
DI3879.jpg,BEN SLIMENE
DI3880.jpg,JUSTINE
DI3881.jpg,AMBRE
DI3882.jpg,TERNOIS
DI3883.jpg,MEHAL
DI3884.jpg,DUGAST
DI3885.jpg,MARIAN
DI3886.jpg,LEO
DI3887.jpg,ALEXANDRZAK
DI3888.jpg,MEZNAD
DI3889.jpg,TEA
DI3890.jpg,MACLEAN
DI3891.jpg,ROMANE
DI3892.jpg,PIERRE
DI3893.jpg,JULIAN
DI3894.jpg,NICOLAS
DI3895.jpg,VALENTINE
DI3896.jpg,ROUSTIAU
DI3897.jpg,OLIVIER
DI3898.jpg,0
DI3899.jpg,VIGILANT
DI3900.jpg,CALDEVILLA
DI3901.jpg,MARTINEZ
DI3902.jpg,SZYHCZAK
DI3903.jpg,ANIS
DI3904.jpg,LINA
DI3905.jpg,HORTENSE
DI3906.jpg,SERENA
DI3907.jpg,NASSY
DI3908.jpg,BOUHARRACHA
DI3909.jpg,BENFREDJ-NAGNOUG
DI3910.jpg,BONO
DI3911.jpg,ISIS
DI3912.jpg,LE GOUZOUGUEC
DI3913.jpg,BOULET
DI3914.jpg,GABIN
DI3915.jpg,BARBU
DI3916.jpg,ELIOT
DI3917.jpg,ALTER - LENTILHAC
DI3918.jpg,FUSILLER
DI3919.jpg,CLARA
DI3920.jpg,AURELINE
DI3921.jpg,TANG
DI3922.jpg,MAXENCE
DI3923.jpg,GOLIK
DI3924.jpg,OCEANE
DI3925.jpg,PICOTIN
DI3926.jpg,COUTOULY
DI3927.jpg,DELAETER
DI3928.jpg,ALICEA
DI3929.jpg,LEROUX
DI3930.jpg,MARTINS
DI3931.jpg,TANGIL
DI3932.jpg,GOURARI
DI3933.jpg,RAFI K
DI3934.jpg,LOUIS
DI3935.jpg,STEFANINI
DI3936.jpg,SARAH
DI3937.jpg,CLEMENT
DI3938.jpg,COMTOIS
DI3939.jpg,ENOR
DI3940.jpg,BOUHAMDI
DI3941.jpg,JOANNE
DI3942.jpg,BUOT
DI3943.jpg,CORENTIN
DI3944.jpg,CAUCHY
DI3945.jpg,DRUARD
DI3946.jpg,CELIA
DI3947.jpg,AGATHE
DI3948.jpg,CHARLOT
DI3949.jpg,THIBAULT
DI3950.jpg,NATHAN
DI3951.jpg,CYPRIEN
DI3952.jpg,MATHIS
DI3953.jpg,ALIX
DI3954.jpg,LOANE
DI3955.jpg,INES
DI3956.jpg,BORIS
DI3957.jpg,AXELLE
DI3958.jpg,DIDI
DI3959.jpg,SIMON
DI3960.jpg,LUCAS
DI3961.jpg,CINDY
DI3962.jpg,BAUO
DI3963.jpg,SERTHELON
DI3964.jpg,LALLEMAND
DI3965.jpg,CHLOE
DI3966.jpg,LYLOU
DI3967.jpg,PRIEUR
DI3968.jpg,CELIA
DI3969.jpg,POULLE
DI3970.jpg,MASSIMO
DI3971.jpg,LAETITIA
DI3972.jpg,CRMUS
DI3973.jpg,CARNEIRO
DI3974.jpg,VIE
DI3975.jpg,EMMA
DI3976.jpg,ASTRID
DI3977.jpg,ANOUK
DI3978.jpg,LEROY
DI3979.jpg,GAILLARD
DI3980.jpg,CHOTA
DI3981.jpg,ELKOUBY
DI3982.jpg,PICHERIE
DI3983.jpg,LEA
DI3984.jpg,JOANE
DI3985.jpg,PILET
DI3986.jpg,DENIEL
DI3987.jpg,EBBA
DI3988.jpg,BELANGEON
DI3989.jpg,GAUTHIER
DI3990.jpg,JULIEN
DI3991.jpg,ALYCIA
DI3992.jpg,BOISSEAU
DI3993.jpg,JEAN FRANCOIS
DI3994.jpg,POC
DI3995.jpg,BLANCHE
DI3996.jpg,BASTIEN
DI3997.jpg,PIERRE
DI3998.jpg,FAVIER
DI3999.jpg,RAGUENAY PIRES
